,Age,BusinessTravel,DailyRate,Department,DistanceFromHome,Education,EducationField,EnvironmentSatisfaction,Gender,JobInvolvement,JobLevel,JobRole,JobSatisfaction,MaritalStatus,MonthlyIncome,NumCompaniesWorked,OverTime,PercentSalaryHike,PerformanceRating,StockOptionLevel,TotalWorkingYears,WorkLifeBalance,YearsAtCompany,YearsInCurrentRole,Attrition
0,41,1,1102,1,1,2,1,2,2,3,2,1,4,1,5993,8,1,11,3,0,8,1,6,4,1
1,49,2,279,2,8,1,1,3,1,2,2,2,2,2,5130,1,2,23,4,1,10,3,10,7,2
2,37,1,1373,2,2,2,3,4,1,2,1,3,3,1,2090,6,1,15,3,0,7,3,0,0,1
3,33,2,1392,2,3,4,1,4,2,3,1,2,3,2,2909,1,1,11,3,0,8,3,8,7,2
4,27,1,591,2,2,1,2,1,1,3,1,3,2,2,3468,9,2,12,3,1,6,3,2,2,2
5,32,2,1005,2,2,2,1,4,1,3,1,3,4,1,3068,0,2,13,3,0,8,2,7,7,2
6,59,1,1324,2,3,3,2,3,2,4,1,3,1,2,2670,4,1,20,4,3,12,2,1,0,2
7,30,1,1358,2,24,1,1,4,1,3,1,3,3,3,2693,1,2,22,4,1,1,3,1,0,2
8,38,2,216,2,23,3,1,4,1,2,3,4,3,1,9526,0,2,21,4,0,10,3,9,7,2
9,36,1,1299,2,27,3,2,3,1,3,2,5,3,2,5237,6,2,13,3,2,17,2,7,7,2
10,35,1,809,2,16,3,2,1,1,4,1,3,2,2,2426,0,2,13,3,1,6,3,5,4,2
11,29,1,153,2,15,2,1,4,2,2,2,3,3,1,4193,0,1,12,3,0,10,3,9,5,2
12,31,1,670,2,26,1,1,1,1,3,1,2,3,3,2911,1,2,17,3,1,5,2,5,2,2
13,34,1,1346,2,19,2,2,2,1,3,1,3,4,3,2661,0,2,11,3,1,3,3,2,2,2
14,28,1,103,2,24,3,1,3,1,2,1,3,3,1,2028,5,1,14,3,0,6,3,4,2,1
15,29,1,1389,2,21,4,1,2,2,4,3,4,1,3,9980,1,2,11,3,1,10,3,10,9,2
16,32,1,334,2,5,2,1,1,1,4,1,2,2,3,3298,0,1,12,3,2,7,2,6,2,2
17,22,3,1123,2,16,2,2,4,1,4,1,3,4,3,2935,1,1,13,3,2,1,2,1,0,2
18,53,1,1219,1,2,4,1,1,2,2,4,6,4,2,15427,2,2,16,3,0,31,3,25,8,2
19,38,1,371,2,2,3,1,4,1,3,1,2,4,1,3944,5,1,11,3,0,6,3,3,2,2
20,24,3,673,2,11,2,3,1,2,4,2,4,3,3,4011,0,2,18,3,1,5,2,4,2,2
21,36,1,1218,1,9,4,1,3,1,2,1,7,1,1,3407,7,2,23,4,0,10,3,5,3,1
22,34,1,419,2,7,4,1,1,2,3,3,8,2,1,11994,0,2,11,3,0,13,3,12,6,2
23,21,1,391,2,15,2,1,3,1,3,1,2,4,1,1232,1,2,14,3,0,0,3,0,0,2
24,34,1,699,2,6,1,2,2,1,3,1,2,1,1,2960,2,2,11,3,0,8,3,4,2,1
26,32,2,1125,2,16,1,1,2,2,1,1,2,1,1,3919,1,1,22,4,0,10,3,10,2,1
27,42,1,691,1,8,4,4,3,1,3,2,1,2,2,6825,0,2,11,3,1,10,3,9,7,2
28,44,1,477,2,7,4,2,1,2,2,3,5,4,2,10248,3,2,14,3,1,24,3,22,6,2
30,33,1,924,2,2,3,2,3,1,3,1,3,4,1,2496,4,2,11,3,0,7,3,1,1,2
31,44,1,1459,2,10,4,3,4,1,3,2,5,4,2,6465,2,1,13,3,0,9,4,4,2,2
32,30,1,125,2,9,2,2,4,1,2,1,3,3,1,2206,1,2,13,3,0,10,3,10,0,2
33,39,1,895,1,5,3,5,4,1,3,2,7,4,2,2086,3,2,14,3,1,19,4,1,0,1
34,24,1,813,2,1,3,2,2,1,3,1,2,4,2,2293,2,1,16,3,1,6,2,2,0,1
35,43,1,1273,2,2,2,2,4,2,4,1,2,3,3,2645,1,2,12,3,2,6,2,5,3,2
36,50,1,869,1,3,2,4,1,1,2,1,7,3,2,2683,1,1,14,3,0,3,3,3,2,1
37,35,1,890,1,2,3,4,4,2,3,1,7,4,2,2014,1,2,13,3,0,2,3,2,2,2
38,36,1,852,2,5,4,1,2,2,2,1,2,1,2,3419,9,1,14,3,1,6,4,1,1,2
39,33,2,1141,1,1,3,1,3,2,4,2,1,1,2,5376,2,2,19,3,2,10,3,5,3,2
40,35,1,464,2,4,2,3,3,1,3,1,3,4,3,1951,1,2,12,3,1,1,3,1,0,2
41,27,1,1240,2,2,4,1,4,2,3,1,3,1,3,2341,1,2,13,3,1,1,3,1,0,2
42,26,1,1357,2,25,3,1,1,1,1,1,3,3,1,2293,1,2,12,3,0,1,2,1,0,1
43,27,2,994,1,8,3,1,4,1,3,3,1,3,1,8726,1,2,15,3,0,9,3,9,8,2
44,30,2,721,2,1,2,2,3,2,3,2,3,4,1,4011,1,2,23,4,0,12,3,12,8,2
46,34,3,1065,1,23,4,4,2,1,3,2,1,3,1,4568,0,2,20,4,0,10,3,9,5,2
47,37,1,408,2,19,2,1,2,1,3,1,2,2,2,3022,4,2,21,4,0,8,3,1,0,2
48,46,2,1211,1,5,4,4,1,1,3,2,1,4,1,5772,4,1,21,4,0,14,3,9,6,2
49,35,1,1229,2,8,1,1,4,1,4,1,3,4,2,2269,1,2,19,3,0,1,3,1,0,2
50,48,1,626,2,1,2,1,1,1,2,3,3,3,1,5381,9,1,13,3,0,23,3,1,0,1
51,28,1,1434,2,5,4,5,3,1,3,1,3,3,1,3441,1,1,13,3,0,2,2,2,2,1
52,44,1,1488,1,1,5,4,2,2,3,2,1,1,3,5454,5,1,21,4,1,9,2,4,3,2
53,35,3,1097,2,11,2,2,3,1,2,3,5,1,2,9884,2,1,13,3,1,10,3,4,0,2
54,26,1,1443,1,23,3,4,3,2,2,2,1,4,2,4157,7,1,19,3,1,5,2,2,2,2
55,33,2,515,2,1,2,1,1,2,3,3,8,4,1,13458,1,1,12,3,0,15,3,15,14,2
56,35,2,853,1,18,5,1,2,1,3,3,1,1,2,9069,1,2,22,4,1,9,2,9,8,2
57,35,1,1142,2,23,4,2,3,2,3,1,3,1,2,4014,3,1,15,3,1,4,3,2,2,2
58,31,1,655,2,7,4,1,4,1,3,2,3,4,3,5915,3,2,22,4,1,10,2,7,7,2
59,37,1,1115,2,1,4,1,1,1,2,2,4,3,3,5993,1,2,18,3,1,7,4,7,5,2
60,32,1,427,2,1,3,2,1,1,3,2,4,4,2,6162,1,1,22,4,1,9,3,9,8,2
61,38,2,653,2,29,5,1,4,2,3,2,3,4,1,2406,1,2,11,3,0,10,3,10,3,2
63,59,1,1435,1,25,3,1,1,2,3,3,1,1,1,7637,7,2,11,3,0,28,2,21,16,2
64,36,1,1223,2,8,3,5,3,2,3,3,5,3,3,10096,1,2,13,3,3,17,3,17,14,2
65,55,1,836,2,8,3,2,4,2,3,4,6,3,3,14756,2,1,14,3,3,21,3,5,0,2
66,36,2,1195,2,11,3,1,2,1,2,2,4,2,1,6499,1,2,13,3,0,6,3,6,5,2
67,45,1,1339,2,7,3,1,2,1,3,3,2,1,3,9724,2,2,17,3,1,25,3,1,0,2
68,35,2,664,2,1,3,2,2,1,3,1,2,1,2,2194,4,2,13,3,1,5,2,3,2,2
69,36,1,318,2,9,3,2,4,1,2,1,2,3,2,3388,0,1,17,3,1,2,2,1,0,1
70,59,2,1225,1,1,1,1,1,2,2,2,1,3,1,5473,7,2,11,3,0,20,2,4,3,2
71,29,1,1328,2,2,3,1,3,1,3,1,2,2,2,2703,0,2,23,4,1,6,3,5,4,2
72,31,1,1082,2,1,4,2,3,1,3,1,2,2,1,2501,1,2,17,3,0,1,3,1,1,2
73,32,1,548,2,1,3,1,2,1,3,2,2,2,2,6220,1,2,17,3,2,10,3,10,4,2
74,36,1,132,2,6,3,1,2,2,4,1,3,4,2,3038,3,2,12,3,0,5,3,1,0,2
75,31,1,746,2,8,4,1,3,2,3,2,4,4,1,4424,1,2,23,4,0,11,3,11,7,2
76,35,1,776,1,1,4,4,3,1,2,2,1,1,1,4312,0,2,14,3,0,16,3,15,13,2
77,45,1,193,2,6,4,3,4,1,3,3,8,1,2,13245,4,1,14,3,0,17,4,0,0,2
78,37,1,397,2,7,4,2,1,1,3,3,8,3,1,13664,4,2,13,3,0,16,4,5,2,2
79,46,1,945,3,5,2,2,2,1,3,2,9,2,3,5021,8,1,22,4,1,16,3,4,2,2
80,30,1,852,2,1,1,1,4,1,2,2,3,4,2,5126,1,1,12,3,2,10,2,10,8,2
81,35,1,1214,2,1,3,2,2,1,2,1,2,3,1,2859,1,2,18,3,0,6,3,6,4,2
82,55,1,111,1,1,2,1,1,1,3,3,1,4,2,10239,3,2,14,3,1,24,3,1,0,2
83,38,3,573,2,6,3,2,2,2,1,2,2,4,3,5329,7,1,12,3,3,17,3,13,11,2
84,34,1,1153,2,1,2,2,1,1,3,2,4,2,2,4325,1,2,15,3,0,5,3,5,2,2
85,56,1,1400,2,7,3,1,4,1,1,3,4,4,1,7260,4,2,11,3,0,37,2,6,4,2
86,23,1,541,1,2,1,5,3,1,3,1,7,1,3,2322,3,2,13,3,1,3,3,0,0,2
87,51,1,432,2,9,4,1,4,1,3,1,3,4,2,2075,3,2,23,4,2,10,3,4,2,2
88,30,1,288,2,2,3,1,3,1,2,2,5,4,2,4152,1,2,19,3,3,11,3,11,10,2
89,46,1,669,1,9,2,2,3,1,2,3,1,4,1,9619,1,2,16,3,0,9,3,9,8,1
90,40,2,530,2,1,4,1,3,1,2,4,5,2,2,13503,1,2,22,4,1,22,2,22,3,2
91,51,1,632,1,21,4,4,3,1,3,2,1,4,1,5441,0,1,22,4,0,11,1,10,7,2
92,30,1,1334,1,4,2,2,3,2,2,2,1,2,3,5209,1,1,12,3,3,11,2,11,8,2
93,46,2,638,2,1,3,2,3,1,2,3,5,1,2,10673,2,1,13,3,1,21,2,10,9,2
94,32,1,1093,1,6,4,2,2,1,3,2,1,3,1,5010,1,2,16,3,0,12,3,11,8,2
95,54,1,1217,2,2,4,5,1,2,3,3,8,3,2,13549,9,2,12,3,1,16,1,4,3,2
96,24,1,1353,1,3,2,3,1,2,3,2,1,3,2,4999,0,2,21,4,1,4,2,3,2,2
97,28,3,120,1,4,3,2,2,1,3,2,1,3,2,4221,1,2,15,3,0,5,4,5,4,2
98,58,1,682,1,10,4,2,4,1,3,4,1,3,1,13872,0,2,13,3,0,38,2,37,10,2
99,44,3,489,2,23,3,2,2,1,3,2,3,2,2,2042,4,2,12,3,1,17,4,3,2,2
100,37,1,807,3,6,4,6,3,1,3,1,9,1,3,2073,4,1,22,4,0,7,3,3,2,1
101,32,1,827,2,1,1,1,4,1,3,1,2,1,1,2956,1,2,13,3,0,1,3,1,0,2
102,20,2,871,2,6,3,1,4,2,2,1,3,4,1,2926,1,1,18,3,0,1,3,1,0,1
103,34,1,665,2,6,4,3,1,2,3,2,2,3,1,4809,1,2,14,3,0,16,3,16,13,2
104,37,3,1040,2,2,2,1,3,1,2,2,5,4,3,5163,5,2,14,3,1,17,4,1,0,2
107,25,1,240,1,5,3,4,3,1,2,2,1,3,1,5744,1,1,11,3,0,6,3,6,4,1
108,25,1,1280,2,7,1,2,4,1,2,1,2,4,2,2889,1,2,11,3,2,2,3,2,2,2
109,22,1,534,2,15,3,2,2,2,3,1,3,4,1,2871,1,2,15,3,0,1,3,0,0,2
110,51,2,1456,2,1,4,2,1,2,2,3,5,1,1,7484,3,2,20,4,0,23,2,13,12,2
111,34,2,658,2,7,3,1,1,1,1,2,3,3,1,6074,1,1,24,4,0,9,3,9,7,1
113,24,1,1127,2,18,1,1,2,1,3,1,3,3,2,2774,0,2,12,3,1,6,3,5,3,2
114,34,1,1031,2,6,4,1,3,2,2,2,2,2,3,4505,6,2,15,3,1,12,3,1,0,2
115,37,1,1189,1,3,3,1,3,1,3,3,1,4,1,7428,2,2,12,3,0,12,3,5,3,2
116,34,1,1354,2,5,3,2,3,2,2,3,6,1,1,11631,2,2,12,3,0,14,3,11,10,2
117,36,2,1467,1,11,2,5,2,2,3,3,1,4,2,9738,0,2,14,3,1,10,3,9,7,2
118,36,1,922,2,3,2,1,1,2,3,1,3,4,3,2835,5,2,22,4,1,7,3,1,0,2
119,43,2,394,1,26,2,1,3,1,3,4,6,4,2,16959,1,1,12,3,2,25,4,25,12,2
120,30,2,1312,2,23,3,1,1,1,1,1,2,3,3,2613,1,2,25,4,3,10,2,10,7,2
121,33,3,750,1,22,2,4,3,1,3,2,1,2,2,6146,0,2,13,3,1,8,4,7,7,2
122,56,1,441,2,14,4,1,2,2,3,1,2,2,2,4963,9,1,18,3,3,7,3,5,4,1
124,31,1,249,1,6,4,1,2,1,1,2,1,3,2,6172,4,1,18,3,0,12,2,7,7,1
125,26,1,841,2,6,3,3,3,2,2,1,2,2,2,2368,1,2,19,3,0,5,2,5,4,2
126,58,1,147,2,23,4,2,4,2,3,3,5,4,2,10312,1,2,12,3,1,40,2,40,10,1
127,19,1,528,1,22,1,4,4,1,3,1,7,3,1,1675,1,1,19,3,0,0,2,0,0,1
128,22,1,594,2,2,1,5,3,1,3,1,3,4,2,2523,0,2,14,3,1,3,3,2,1,2
129,49,1,470,2,20,4,2,3,2,3,2,4,1,2,6567,1,2,14,3,0,16,2,15,11,2
130,43,2,957,2,28,3,2,2,2,4,1,2,3,1,4739,4,2,12,3,0,18,3,3,2,2
131,50,2,809,1,12,3,4,3,2,3,3,1,4,1,9208,4,2,11,3,0,16,3,2,2,2
132,31,1,542,1,20,3,1,2,2,1,2,1,3,2,4559,3,1,11,3,1,4,3,2,2,1
133,41,1,802,1,9,1,1,3,1,3,3,1,3,3,8189,3,1,13,3,1,12,3,9,7,2
134,26,1,1355,3,25,1,1,3,2,3,1,9,3,2,2942,1,2,23,4,1,8,3,8,7,2
135,36,1,216,2,6,2,2,2,1,3,2,4,2,3,4941,6,2,20,4,2,7,3,3,2,2
136,51,2,1150,2,8,4,1,1,1,1,3,4,4,1,10650,2,2,15,3,0,18,3,4,2,1
137,39,1,1329,1,4,4,1,4,2,2,2,1,3,2,5902,4,2,14,3,1,17,4,15,11,2
138,25,1,959,1,28,3,1,1,1,2,2,1,3,2,8639,2,2,18,3,0,6,3,2,2,2
139,30,1,1240,3,9,3,6,3,1,3,2,9,4,2,6347,0,1,19,3,0,12,1,11,9,2
140,32,1,1033,2,9,3,2,1,2,3,1,3,1,1,4200,7,2,22,4,0,10,4,5,4,1
141,45,1,1316,2,29,3,2,3,1,3,1,2,4,1,3452,5,2,13,3,0,9,2,6,5,2
142,38,1,364,2,3,5,5,4,2,3,2,2,3,1,4317,3,1,20,4,0,19,3,3,2,2
143,30,1,438,2,18,3,1,1,2,3,1,2,3,1,2632,1,2,14,3,0,5,2,5,4,2
144,32,2,689,1,9,2,2,4,1,1,2,1,4,3,4668,0,2,17,3,3,9,4,8,7,2
145,30,1,201,2,5,3,5,4,2,3,1,2,1,3,3204,5,2,14,3,1,8,3,3,2,2
146,30,1,1427,2,2,1,2,2,1,2,1,3,4,1,2720,0,2,13,3,0,6,3,5,3,2
148,41,1,933,2,9,4,1,3,1,3,1,3,1,2,2238,2,2,21,4,1,7,3,5,0,2
149,19,1,1181,2,3,1,2,2,2,3,1,3,2,1,1483,1,2,14,3,0,1,3,1,0,2
150,40,2,1395,2,26,3,2,2,2,3,2,2,2,3,5605,1,2,11,3,1,20,3,20,7,2
151,35,1,662,1,1,5,4,3,1,3,3,1,2,2,7295,1,2,13,3,2,10,3,10,8,2
152,53,1,1436,1,6,2,4,2,1,3,2,7,3,2,2306,2,1,20,4,1,13,1,7,7,2
153,45,1,194,2,9,3,1,2,1,3,2,3,2,3,2348,8,2,18,3,1,20,1,17,9,2
154,32,2,967,1,8,3,4,2,2,3,3,1,4,1,8998,1,2,14,3,0,9,3,9,8,2
155,29,3,1496,2,1,1,5,4,1,3,2,4,3,2,4319,1,2,13,3,1,10,3,10,7,2
156,51,1,1169,2,7,4,2,2,1,2,2,4,3,2,6132,2,2,17,3,0,10,3,1,0,2
157,58,1,1145,2,9,3,2,2,2,2,1,2,2,2,3346,4,1,20,4,1,9,2,1,0,2
158,40,1,630,1,4,4,4,3,1,2,3,1,4,2,10855,7,2,11,3,1,15,2,12,11,2
159,34,2,303,1,2,4,4,3,2,3,1,7,3,2,2231,6,2,18,3,1,6,3,4,3,2
160,22,1,1256,2,19,1,2,3,1,3,1,2,4,2,2323,1,2,24,4,2,2,3,2,2,2
161,27,3,691,2,9,3,2,4,1,3,1,2,2,3,2024,6,2,18,3,1,6,1,2,2,2
162,28,1,440,2,21,3,2,3,1,3,1,2,4,2,2713,1,2,11,3,1,5,1,5,2,2
163,57,1,334,2,24,2,1,3,1,4,3,5,4,3,9439,3,1,16,3,1,12,1,5,3,2
164,27,3,1450,2,3,3,2,3,1,2,1,2,3,3,2566,1,1,15,3,1,1,2,1,1,2
166,41,1,465,2,14,3,1,1,1,3,1,2,3,3,2451,4,2,12,3,1,13,3,9,8,2
167,30,1,1339,1,5,3,1,2,2,3,3,1,4,2,9419,2,2,12,3,1,12,3,10,9,2
168,38,1,702,1,1,4,1,1,2,2,2,1,4,1,8686,4,2,22,4,0,12,4,8,3,2
169,32,1,120,2,6,5,1,3,1,3,1,2,3,1,3038,3,2,20,4,0,8,3,5,4,2
170,27,1,1157,2,17,3,5,3,1,3,1,2,2,2,3058,0,1,16,3,1,6,2,5,2,2
171,19,2,602,1,1,1,5,3,2,1,1,7,1,1,2325,0,2,21,4,0,1,4,0,0,1
172,36,2,1480,2,3,2,2,4,1,3,1,3,2,1,2088,4,2,12,3,0,13,2,8,7,2
173,30,3,111,2,9,3,2,3,1,3,2,3,1,3,3072,1,2,11,3,2,12,3,12,9,2
174,45,1,1268,1,4,2,1,3,2,3,2,1,1,3,5006,4,1,11,3,1,9,4,5,4,2
175,56,1,713,2,8,3,1,3,2,3,1,2,1,3,4257,4,1,18,3,1,19,3,2,2,2
176,33,1,134,2,2,3,1,3,1,3,1,2,4,1,2500,0,2,14,3,0,4,4,3,1,2
177,19,1,303,2,2,3,1,2,1,2,1,3,4,1,1102,1,2,22,4,0,1,2,1,0,1
178,46,1,526,1,1,2,4,2,2,3,3,1,1,3,10453,1,2,25,4,3,24,3,24,13,2
179,38,1,1380,2,9,2,1,3,2,3,1,3,4,1,2288,1,2,12,3,0,2,3,2,2,2
180,31,1,140,2,12,1,2,3,2,3,1,2,4,2,3929,8,1,23,4,1,7,3,4,2,2
181,34,1,629,2,27,2,2,4,2,3,1,2,2,1,2311,2,2,15,3,0,9,3,3,2,2
182,41,1,1356,1,20,2,4,2,2,3,1,7,2,1,3140,1,1,22,4,0,4,2,4,3,1
183,50,1,328,2,1,3,2,3,1,2,1,3,3,2,3690,2,2,15,3,1,5,2,3,2,2
184,53,1,1084,2,13,2,2,4,2,4,2,4,1,3,4450,1,2,11,3,2,5,3,4,2,2
185,33,1,931,2,14,3,2,4,2,3,1,2,2,2,2756,1,2,13,3,1,8,3,8,7,2
188,34,2,1069,2,2,1,1,4,1,2,2,4,3,2,9547,1,2,17,3,0,10,2,10,9,2
189,51,1,313,2,3,3,2,4,2,3,4,5,2,1,13734,3,2,18,3,0,21,3,7,7,2
191,27,1,894,2,9,3,2,4,2,3,1,2,2,1,2279,1,2,16,3,0,7,2,7,7,2
192,35,1,556,2,23,2,1,2,1,2,2,4,3,2,5916,3,1,13,3,0,8,3,1,0,1
193,43,3,1344,2,7,3,2,4,1,4,1,2,4,3,2089,4,2,14,3,3,7,4,5,4,2
194,45,3,1195,2,2,2,2,1,1,2,4,6,4,2,16792,9,2,23,4,1,22,3,20,8,2
195,37,1,290,2,21,3,1,2,1,4,1,2,1,2,3564,1,1,12,3,1,8,2,8,7,2
196,35,2,138,2,2,3,2,2,2,3,2,3,2,1,4425,5,2,11,3,0,10,3,6,2,2
197,42,3,926,2,21,2,2,3,2,3,2,4,3,3,5265,2,2,16,3,1,11,3,5,3,2
198,38,1,1261,2,2,4,1,4,1,3,2,4,3,2,6553,9,2,14,3,0,14,3,1,0,2
199,38,1,1084,2,29,3,5,4,1,3,2,4,4,2,6261,3,2,18,3,1,9,1,7,7,2
200,27,2,472,2,1,1,5,3,1,2,2,4,1,2,4298,5,2,19,3,1,6,3,2,2,2
201,49,3,1002,2,18,4,1,4,1,3,2,4,4,3,6804,1,1,15,3,2,7,3,7,7,2
202,34,2,878,2,10,4,2,4,1,3,1,2,3,3,3815,1,1,17,3,1,5,4,5,3,2
203,40,1,905,2,19,2,2,3,1,3,2,3,4,2,2741,8,1,15,3,1,15,4,7,2,2
204,38,1,1180,2,29,1,2,2,1,3,2,5,1,2,6673,7,1,19,3,0,17,3,1,0,1
205,29,1,121,1,27,3,4,2,2,3,3,1,4,2,7639,1,2,22,4,3,10,2,10,4,1
206,22,1,1136,2,5,3,1,4,1,4,1,2,2,3,2328,1,1,16,3,1,4,2,4,2,2
207,36,2,635,2,18,1,2,2,2,3,1,3,4,1,2153,1,2,13,3,0,8,3,8,1,2
208,40,3,1151,2,9,5,1,4,1,2,2,5,4,2,4876,9,2,14,3,1,5,1,3,2,2
209,46,1,644,2,1,4,2,4,1,3,3,5,1,3,9396,7,2,16,3,1,17,3,4,2,2
210,32,1,1045,1,4,4,2,4,1,1,3,1,4,2,10400,1,2,11,3,0,14,2,14,8,1
211,30,3,829,2,1,1,1,3,1,2,3,4,3,1,8474,1,2,22,4,0,12,3,11,8,2
212,27,2,1242,1,20,3,1,4,2,3,2,1,3,1,9981,1,2,14,3,0,7,3,7,7,2
213,51,1,1469,2,8,4,1,2,1,2,3,8,2,2,12490,5,2,16,3,2,16,1,10,9,2
214,30,1,1005,2,3,3,5,4,2,3,1,2,1,1,2657,5,1,11,3,0,8,3,5,2,1
215,41,1,896,1,6,3,1,4,2,3,3,6,4,1,13591,3,1,18,3,0,16,3,1,0,2
216,30,2,334,1,26,4,4,3,2,2,2,1,1,1,6696,5,2,15,3,0,9,2,6,3,1
217,29,1,992,2,1,3,5,3,1,3,1,2,3,1,2058,0,2,14,3,0,7,2,6,2,1
218,45,3,1052,1,6,3,2,4,2,2,3,1,4,1,8865,6,2,12,3,0,23,3,19,7,2
219,54,1,1147,1,3,3,4,4,2,3,2,1,1,2,5940,2,2,14,3,1,16,3,6,2,2
220,36,1,1396,2,5,2,1,4,1,3,2,3,2,1,5914,8,2,16,3,0,16,4,13,11,2
221,33,1,147,2,4,4,2,3,2,2,1,2,2,2,2622,6,2,21,4,0,7,3,3,2,2
222,37,2,663,2,11,3,3,2,1,3,3,8,4,3,12185,1,1,14,3,3,10,3,10,8,2
223,38,1,119,1,3,3,1,1,1,3,3,1,3,3,10609,0,2,12,3,2,17,2,16,10,2
224,31,3,979,2,1,4,2,3,1,1,2,4,3,2,4345,0,2,12,3,1,6,3,5,4,2
225,59,1,142,2,3,3,1,3,1,2,1,2,4,2,2177,3,2,17,3,1,7,3,1,0,2
226,37,2,319,1,4,4,4,1,1,3,1,7,4,3,2793,4,2,17,3,1,13,3,9,8,2
227,29,2,1413,1,1,1,2,2,2,3,3,1,4,2,7918,1,2,14,3,1,11,3,11,10,2
228,35,2,944,1,1,3,4,3,2,3,3,1,3,1,8789,1,2,14,3,0,10,4,10,7,2
229,29,1,896,2,18,1,2,3,1,2,1,2,4,1,2389,1,1,13,3,0,4,2,4,3,1
230,52,1,1323,2,2,3,1,3,2,2,1,3,4,1,3212,7,2,15,3,0,6,2,2,2,2
232,59,1,818,3,6,2,2,2,1,3,1,9,3,2,2267,8,2,17,3,0,7,2,2,2,2
234,33,1,813,2,14,3,2,3,1,3,1,3,4,2,2436,5,1,13,3,1,8,1,5,4,1
235,43,1,1034,1,16,3,4,4,2,3,4,6,4,2,16064,5,1,22,4,1,22,3,17,13,2
236,33,1,465,2,2,2,1,1,2,3,1,3,1,2,2707,7,2,20,4,0,13,4,9,7,1
238,32,1,1401,1,4,2,1,3,2,3,1,7,2,2,3931,2,2,11,3,1,6,3,4,3,2
239,32,1,515,2,1,3,1,4,1,2,1,3,3,1,3730,0,1,14,3,0,4,1,3,2,1
240,39,1,1431,2,1,4,2,3,2,3,1,3,3,3,2232,7,2,14,3,3,7,3,3,2,2
241,32,3,976,1,26,4,4,3,1,3,2,1,4,2,4465,0,2,18,3,0,4,3,3,2,2
242,41,1,1411,2,19,2,1,3,1,3,2,2,1,3,3072,2,2,16,3,2,17,2,1,0,2
243,40,1,1300,2,24,2,5,1,1,3,2,2,4,3,3319,1,2,17,3,2,9,3,9,8,2
245,31,2,1327,2,3,4,2,2,1,3,3,8,3,3,13675,9,2,12,3,1,9,3,2,2,2
246,33,1,832,2,5,4,1,3,2,2,1,2,4,2,2911,1,2,13,3,1,2,2,2,2,2
247,34,1,470,2,2,4,1,4,1,2,2,4,1,2,5957,6,2,13,3,1,13,3,11,9,2
248,37,1,1017,2,1,2,2,3,2,2,1,2,1,2,3920,2,2,14,3,1,17,2,3,1,2
249,45,2,1199,2,7,4,1,1,1,4,2,4,3,2,6434,4,2,17,3,1,9,3,3,2,2
250,37,2,504,2,10,3,2,1,1,3,3,4,3,3,10048,6,2,11,3,2,17,3,1,0,1
251,39,2,505,2,2,4,5,3,2,3,3,5,3,1,10938,0,2,25,4,0,20,3,19,6,2
252,29,1,665,2,15,3,1,3,1,3,1,2,4,1,2340,1,2,19,3,0,6,3,6,5,2
253,42,1,916,2,17,2,1,4,2,4,2,2,1,1,6545,3,1,13,3,0,10,3,3,2,2
254,29,1,1247,1,20,2,4,4,1,3,2,1,4,3,6931,2,2,14,3,1,10,3,3,2,2
255,25,1,685,2,1,3,1,1,2,3,2,4,3,2,4898,0,2,12,3,2,5,3,4,2,2
256,42,1,269,2,2,3,2,4,2,2,1,3,1,3,2593,0,1,11,3,1,10,3,9,6,2
258,51,1,833,2,1,3,1,3,1,3,1,2,4,2,2723,1,2,11,3,0,1,2,1,0,2
259,31,2,307,2,29,2,2,3,1,2,1,3,2,1,3479,0,2,11,3,0,6,4,5,4,1
260,32,2,1311,2,7,3,1,2,1,4,1,3,2,2,2794,1,2,20,4,0,5,1,5,1,2
261,38,3,1327,1,2,2,1,4,1,2,2,1,4,2,5249,3,2,18,3,1,13,3,8,7,2
262,32,1,128,2,2,1,5,4,1,2,2,3,1,1,2176,4,2,13,3,0,9,3,6,2,2
263,46,1,488,1,2,3,5,3,2,1,4,6,2,2,16872,3,1,12,3,1,28,2,7,7,2
264,28,1,529,2,2,4,1,1,1,3,1,3,3,1,3485,2,2,11,3,0,5,1,0,0,1
265,29,1,1210,1,2,3,2,1,1,2,2,1,2,2,6644,2,2,19,3,2,10,3,0,0,2
266,31,1,1463,2,23,3,2,2,1,2,2,5,4,2,5582,0,2,21,4,1,10,3,9,0,2
267,25,3,675,2,5,2,1,2,1,4,2,5,1,3,4000,1,2,12,3,2,6,3,6,3,2
268,45,1,1385,2,20,2,2,3,1,3,4,5,4,2,13496,0,1,14,3,0,21,3,20,7,2
269,36,1,1403,2,6,3,1,4,1,3,1,3,4,2,3210,0,2,11,3,1,16,3,15,13,2
271,47,3,666,2,29,4,1,1,1,3,3,6,2,2,11849,1,1,12,3,1,10,2,10,7,1
272,28,1,1158,2,9,3,2,4,1,3,1,2,4,2,2070,1,2,23,4,1,5,2,5,2,2
273,37,1,228,1,6,4,2,3,1,3,2,1,4,2,6502,4,2,14,3,1,7,4,5,4,2
274,21,1,996,2,3,2,2,4,1,2,1,2,3,1,3230,1,2,17,3,0,3,4,3,2,2
275,37,3,728,2,1,4,2,1,2,3,3,8,4,3,13603,2,1,18,3,2,15,3,5,2,2
276,35,1,1315,2,22,3,1,2,2,4,3,6,2,3,11996,7,2,18,3,1,10,2,7,7,2
277,38,1,322,1,7,2,2,1,2,4,2,1,1,3,5605,1,1,24,4,1,8,3,8,0,2
278,26,2,1479,2,1,3,1,3,2,3,2,4,2,3,6397,1,2,20,4,1,6,1,6,5,2
281,42,1,635,1,1,1,1,2,1,3,2,1,3,2,4907,1,2,25,4,0,20,3,20,16,2
282,29,2,442,1,2,2,1,2,1,3,2,1,4,1,4554,1,2,18,3,0,10,2,10,7,2
283,55,1,147,2,20,2,5,2,1,3,2,3,4,2,5415,3,1,19,3,1,12,3,10,7,2
284,26,2,496,2,11,2,2,1,1,3,2,5,1,2,4741,1,1,13,3,1,5,3,5,3,2
285,37,1,1372,2,1,3,1,4,2,3,1,2,4,1,2115,1,2,12,3,0,17,3,17,12,2
286,44,2,920,2,24,3,1,4,1,3,1,3,3,3,3161,3,1,22,4,1,19,1,1,0,1
287,38,1,688,2,23,4,1,4,1,3,2,5,4,3,5745,9,2,14,3,1,10,3,2,2,2
288,26,1,1449,2,16,4,2,1,1,3,1,3,2,3,2373,2,1,13,3,1,5,3,3,2,1
289,28,1,1117,2,8,2,1,4,2,3,1,2,4,1,3310,1,2,21,4,0,5,3,5,3,2
291,36,1,506,2,3,3,5,3,1,3,2,2,2,1,4485,4,2,12,3,0,10,3,8,0,2
292,31,2,444,1,5,3,4,4,2,3,1,7,2,3,2789,1,2,11,3,1,2,2,2,2,2
293,26,1,950,1,4,4,4,4,1,2,2,1,4,1,5828,1,1,12,3,0,8,3,8,7,1
294,37,2,889,2,9,3,2,2,1,3,1,2,4,2,2326,1,1,12,3,3,4,2,4,2,2
295,42,2,555,1,26,3,4,3,2,3,4,1,2,2,13525,5,2,14,3,1,23,4,20,4,2
296,18,1,230,2,3,3,1,3,1,3,1,3,3,1,1420,1,2,13,3,0,0,3,0,0,1
297,35,1,1232,1,16,3,4,3,1,3,3,1,2,2,8020,0,2,15,3,2,12,2,11,9,2
298,36,2,566,2,18,4,1,3,1,4,1,3,4,2,3688,4,2,18,3,2,4,3,1,0,2
299,51,1,1302,2,2,3,2,4,1,1,2,4,2,3,5482,5,2,18,3,1,13,3,4,1,2
300,41,1,334,1,2,4,1,4,1,3,4,6,2,1,16015,1,2,19,3,0,22,3,22,10,2
301,18,1,812,1,10,3,2,4,2,2,1,7,3,1,1200,1,2,12,3,0,0,3,0,0,2
302,28,1,1476,2,16,2,2,2,1,4,2,5,1,1,5661,0,2,19,3,0,9,3,8,3,2
303,31,1,218,1,7,3,5,2,1,4,2,1,4,2,6929,4,2,11,3,1,10,2,8,7,2
304,39,1,1132,2,1,3,2,3,1,4,3,5,4,3,9613,0,2,17,3,3,19,2,18,10,2
305,36,3,1105,2,24,4,1,2,2,3,2,3,2,2,5674,7,2,15,3,1,11,3,9,8,2
306,32,1,906,1,7,3,1,4,1,2,2,1,3,2,5484,1,2,14,3,1,13,2,13,8,2
307,38,1,849,2,25,2,1,1,2,2,3,8,2,2,12061,3,2,17,3,1,19,3,10,8,2
308,58,3,390,2,1,4,1,4,1,1,2,5,3,3,5660,2,1,13,3,1,12,3,5,3,2
309,31,1,691,2,5,4,5,3,1,3,1,2,4,2,4821,0,1,12,3,1,6,3,5,2,2
310,31,1,106,3,2,3,6,1,1,2,2,9,1,2,6410,3,2,12,3,0,9,3,2,2,2
311,45,2,1249,2,7,3,1,1,1,3,3,3,1,3,5210,1,2,18,3,1,24,3,24,9,2
312,31,1,192,2,2,4,1,3,1,3,1,2,4,3,2695,0,1,18,3,1,3,1,2,2,2
313,33,2,553,2,5,4,1,4,2,3,3,6,2,2,11878,6,2,11,3,2,12,3,10,6,2
315,43,2,185,2,10,4,1,3,2,3,1,3,4,1,2455,0,2,19,3,0,9,3,8,7,2
316,49,1,1091,2,1,2,5,3,2,2,4,5,3,1,13964,7,1,12,3,0,25,3,7,1,2
317,52,1,723,2,8,4,2,3,1,2,2,2,2,2,4941,2,2,15,3,0,11,2,8,2,1
318,27,1,1220,2,5,3,1,3,2,3,1,2,2,1,2478,1,1,12,3,0,4,2,4,3,2
319,32,1,588,1,8,2,5,3,2,2,2,1,2,2,5228,1,1,11,3,0,13,3,13,12,2
320,27,1,1377,1,2,3,1,4,1,3,2,1,3,1,4478,1,1,11,3,0,5,3,5,4,2
321,31,1,691,1,7,3,4,4,1,3,2,1,4,3,7547,4,2,12,3,3,13,3,7,7,2
322,32,1,1018,2,2,4,2,1,2,4,2,2,4,1,5055,7,2,16,3,0,10,2,7,7,2
323,28,1,1157,2,2,4,2,1,1,1,1,2,4,2,3464,5,1,13,3,0,5,2,3,2,1
324,30,1,1275,2,28,2,2,4,2,3,2,2,4,2,5775,1,2,13,3,2,11,3,10,8,2
325,31,2,798,2,7,2,1,3,2,2,3,4,3,2,8943,1,2,24,4,1,10,3,10,9,2
327,39,1,1162,1,3,2,2,4,2,3,2,1,3,2,5238,4,1,18,3,0,12,2,1,0,1
328,33,2,508,1,10,3,4,2,1,2,2,1,4,1,4682,3,2,14,3,0,9,2,7,7,2
330,43,2,559,2,10,4,1,3,2,2,2,3,3,3,5257,1,2,11,3,1,9,4,9,7,2
331,27,3,210,1,1,1,4,3,1,3,2,1,2,2,6349,0,1,13,3,1,6,3,5,4,2
332,54,2,928,2,20,4,1,4,2,3,2,2,3,1,4869,3,2,12,3,0,20,2,4,3,2
333,43,1,1001,2,7,3,1,3,2,3,3,5,1,2,9985,8,2,16,3,1,10,2,1,0,2
334,45,1,549,2,8,4,3,4,1,3,2,2,4,2,3697,9,2,14,3,2,12,3,10,9,2
335,40,1,1124,1,1,2,2,2,1,1,2,1,4,2,7457,2,1,22,4,3,6,2,4,3,2
336,29,1,318,2,8,4,3,2,1,1,1,3,1,2,2119,1,1,11,3,0,7,2,7,7,1
337,29,1,738,2,9,5,3,2,1,2,1,3,4,1,3983,0,2,17,3,0,4,3,3,2,2
338,30,1,570,1,5,3,4,4,2,2,2,1,3,3,6118,1,2,13,3,3,10,3,10,9,2
339,27,1,1130,1,8,4,4,2,2,3,2,1,2,2,6214,1,2,18,3,1,8,3,8,7,2
340,37,1,1192,2,5,2,2,4,1,3,2,4,4,3,6347,7,2,16,3,2,8,2,6,2,2
341,38,1,343,2,15,2,1,3,1,2,3,8,4,3,11510,0,1,14,3,1,12,3,11,10,2
342,31,1,1232,2,7,4,2,3,2,3,3,4,4,1,7143,1,1,14,3,0,11,2,11,9,2
343,29,1,144,1,10,1,4,4,2,2,2,1,2,3,8268,1,1,14,3,2,7,3,7,7,2
344,35,1,1296,2,5,4,5,3,1,3,3,4,2,1,8095,0,2,13,3,0,17,3,16,6,2
345,23,1,1309,2,26,1,1,3,1,3,1,2,4,3,2904,1,2,12,3,2,4,2,4,2,2
346,41,1,483,2,6,3,2,4,1,2,2,4,2,1,6032,6,1,15,3,0,8,3,5,4,2
347,47,2,1309,1,4,1,2,2,1,3,2,7,3,1,2976,3,2,19,3,0,5,3,0,0,2
348,42,1,810,2,23,5,1,1,2,3,4,8,4,1,15992,2,2,14,3,0,16,3,1,0,2
349,29,3,746,1,2,3,1,4,1,3,2,1,3,2,4649,1,2,14,3,1,4,2,4,3,2
350,42,1,544,3,2,1,5,3,1,3,1,9,3,3,2696,0,1,11,3,1,4,3,3,2,2
351,32,1,1062,2,2,3,2,3,2,3,1,3,2,2,2370,1,2,13,3,1,8,3,8,0,2
352,48,1,530,1,29,1,2,1,2,3,3,6,3,2,12504,3,2,21,4,1,15,1,0,0,2
353,37,1,1319,2,6,3,2,3,1,4,2,2,1,3,5974,4,1,13,3,2,13,3,7,7,2
354,30,3,641,1,25,2,5,4,2,3,2,1,3,2,4736,7,1,12,3,1,4,4,2,2,2
355,26,1,933,1,1,3,1,3,1,3,2,1,3,2,5296,1,2,17,3,1,8,3,8,7,2
356,42,1,1332,2,2,4,3,1,1,2,2,5,4,1,6781,3,2,23,4,0,14,3,1,0,2
357,21,2,756,1,1,1,5,1,2,2,1,7,2,1,2174,1,1,11,3,0,3,3,3,2,1
358,36,3,845,1,1,5,2,4,2,3,2,1,4,1,6653,4,2,15,3,0,7,3,1,0,2
359,36,2,541,1,3,4,2,1,1,2,3,1,4,2,9699,4,2,11,3,1,16,3,13,9,2
360,57,1,593,2,1,4,2,4,1,3,2,5,3,2,6755,2,2,11,3,0,15,3,3,2,2
361,40,1,1171,2,10,4,1,4,2,4,1,3,3,2,2213,3,1,13,3,1,10,3,7,7,2
362,21,3,895,1,9,2,2,1,1,3,1,7,4,1,2610,1,2,24,4,0,3,2,3,2,2
363,33,1,350,1,5,3,4,4,2,3,1,7,3,1,2851,1,1,13,3,0,1,3,1,0,1
364,37,1,921,2,10,3,2,3,2,3,1,3,1,2,3452,6,2,20,4,1,17,3,5,4,2
365,46,3,1144,2,7,4,2,3,2,3,2,4,3,2,5258,2,2,14,3,0,7,4,1,0,2
366,41,2,143,1,4,3,4,1,1,3,2,1,2,1,9355,1,2,18,3,0,8,3,8,7,1
367,50,1,1046,2,10,3,5,4,1,2,3,5,4,1,10496,6,2,15,3,0,20,3,4,3,2
368,40,1,575,1,22,2,4,3,1,2,2,1,3,2,6380,2,1,12,3,2,8,3,6,4,1
369,31,1,408,2,9,4,1,3,1,2,1,2,2,1,2657,0,1,16,3,0,3,3,2,2,2
370,21,1,156,1,12,3,1,3,2,4,1,7,2,1,2716,1,2,15,3,0,1,3,1,0,1
371,29,1,1283,2,23,3,1,4,1,3,1,2,4,1,2201,9,2,16,3,0,6,3,3,2,2
372,35,1,755,2,9,4,1,3,1,2,2,5,2,1,6540,9,2,19,3,0,10,3,1,1,2
373,27,1,1469,2,1,2,2,4,1,3,1,3,2,3,3816,1,2,11,3,1,5,3,5,2,2
374,28,1,304,1,9,4,1,2,1,3,2,1,4,1,5253,1,2,16,3,0,7,3,7,5,2
375,49,1,1261,2,7,3,3,2,1,2,3,5,3,1,10965,8,2,24,4,0,26,3,5,2,2
376,51,1,1178,1,14,2,1,3,2,3,2,1,4,2,4936,4,2,11,3,1,18,2,7,7,2
377,36,1,329,2,2,3,1,4,2,3,1,2,3,2,2543,4,2,13,3,1,6,3,2,2,2
378,34,3,1362,1,19,3,4,1,1,4,2,1,4,1,5304,8,1,13,3,0,9,2,5,2,1
379,55,1,1311,2,2,3,1,3,2,3,4,6,4,1,16659,2,1,13,3,0,30,3,5,4,2
380,24,1,1371,1,10,4,4,4,2,3,2,1,3,3,4260,1,1,12,3,1,5,4,5,2,2
381,30,1,202,1,2,1,5,3,1,3,1,7,2,2,2476,1,2,18,3,1,1,3,1,0,2
382,26,2,575,2,3,1,5,3,1,3,1,2,1,1,3102,0,2,22,4,0,7,3,6,4,1
383,22,1,253,2,11,3,2,1,2,3,1,2,2,2,2244,1,2,13,3,1,2,3,2,1,2
384,36,1,164,1,2,2,2,2,1,2,3,1,3,2,7596,1,2,13,3,2,10,3,10,9,2
385,30,2,464,2,4,3,5,3,1,3,1,2,4,1,2285,9,1,23,4,0,3,3,1,0,1
386,37,1,1107,2,14,3,1,4,2,3,1,3,1,3,3034,1,2,12,3,1,18,2,18,7,2
387,40,1,759,1,2,2,4,4,2,3,2,1,2,3,5715,7,2,12,3,2,8,3,5,4,2
388,42,1,201,2,1,4,1,2,2,3,1,3,1,3,2576,3,2,16,3,1,8,3,5,2,2
389,37,1,1305,2,10,4,1,3,1,3,2,4,2,1,4197,2,1,12,3,0,18,2,1,0,2
390,43,1,982,2,12,3,1,1,1,2,4,8,2,3,14336,1,2,11,3,1,25,3,25,10,2
391,40,1,555,2,2,3,2,2,2,2,2,3,3,2,3448,6,2,22,4,1,20,3,1,0,2
393,34,3,1381,1,4,4,4,3,2,3,2,1,3,2,6538,9,2,15,3,1,6,3,3,2,2
394,31,1,480,2,7,2,2,2,2,3,2,4,1,2,4306,1,2,12,3,1,13,1,13,10,2
395,43,2,313,2,21,3,2,4,1,3,1,3,4,2,2258,7,2,20,4,1,8,3,3,2,2
396,43,1,1473,2,8,4,3,3,2,3,2,5,3,3,4522,4,1,14,3,0,8,3,5,2,2
397,25,1,891,1,4,2,1,2,2,2,2,1,4,1,4487,1,1,11,3,0,5,3,5,4,2
398,37,3,1063,2,25,5,2,2,2,3,2,2,3,2,4449,3,1,15,3,2,15,3,13,11,2
399,31,1,329,2,1,2,1,4,1,2,1,3,1,2,2218,1,2,12,3,1,4,3,4,2,2
401,56,2,906,1,6,3,1,3,2,4,4,1,1,2,13212,9,2,11,3,3,36,2,7,7,2
402,30,1,1082,1,12,3,5,2,2,3,2,1,3,1,6577,0,2,11,3,0,6,3,5,4,2
403,41,1,645,1,1,3,4,2,1,4,3,1,1,2,8392,1,2,16,3,1,10,3,10,7,2
404,28,1,1300,2,17,2,2,3,1,3,2,3,1,3,4558,1,2,12,3,1,10,3,10,0,2
405,25,1,688,2,3,3,2,1,1,3,1,3,1,2,4031,5,2,13,3,1,6,3,2,2,1
406,52,1,319,2,3,3,2,4,1,2,3,4,3,2,7969,2,1,14,3,0,28,3,5,4,2
407,45,1,192,2,10,2,1,1,1,3,1,2,4,2,2654,3,2,21,4,2,8,2,2,2,2
408,52,1,1490,2,4,2,1,4,2,3,4,6,4,2,16555,2,2,13,3,0,31,1,5,2,2
409,42,2,532,2,29,2,1,1,2,3,2,2,3,3,4556,2,2,11,3,1,19,3,5,4,2
410,30,1,317,2,2,3,1,3,2,1,2,4,4,1,6091,2,2,20,4,0,11,3,5,4,2
412,46,1,1485,2,18,3,2,3,2,3,2,4,3,3,4810,2,2,14,3,1,19,2,10,7,2
413,42,2,1368,2,28,4,5,4,2,2,2,5,4,2,4523,0,2,11,3,3,7,4,6,5,2
414,24,1,1448,1,1,1,5,1,2,3,1,7,2,1,3202,1,1,16,3,0,6,3,5,3,1
415,34,2,296,1,6,2,4,4,2,1,1,7,3,3,2351,0,2,16,3,1,3,2,2,2,1
416,38,2,1490,2,2,2,1,4,1,3,1,3,4,2,1702,1,1,23,4,1,1,3,1,0,2
418,26,1,1349,2,23,3,1,1,2,3,1,2,4,3,2886,1,2,22,4,2,3,1,3,2,2
419,30,3,1400,2,3,3,1,3,1,3,1,3,4,2,2097,4,2,15,3,1,9,1,5,3,2
420,29,1,986,2,3,4,2,2,1,2,3,8,3,2,11935,1,2,18,3,0,10,3,10,2,2
421,29,1,408,2,25,5,5,3,2,2,1,2,2,2,2546,5,2,16,3,0,6,4,2,2,1
422,19,1,489,3,2,2,5,1,1,2,1,9,4,1,2564,1,2,12,3,0,1,4,1,0,1
423,30,3,1398,1,22,4,3,3,2,3,3,1,1,2,8412,0,2,11,3,0,10,3,9,8,2
424,57,1,210,1,29,3,4,1,1,2,4,6,4,3,14118,3,2,12,3,1,32,2,1,0,2
426,30,3,1116,2,2,3,2,3,2,3,1,3,4,1,2564,0,2,14,3,0,12,2,11,7,2
427,60,2,1499,1,28,3,4,3,2,2,3,1,1,2,10266,4,2,19,3,0,22,4,18,13,2
428,47,1,983,2,2,2,2,1,2,3,2,4,4,3,5070,5,2,13,3,3,20,3,5,0,2
430,35,1,144,2,22,3,1,4,1,1,1,3,3,1,4230,0,2,15,3,0,6,3,5,4,2
431,54,1,548,2,8,4,1,3,2,3,2,3,3,1,3780,7,2,11,3,0,19,3,1,0,2
432,34,1,1303,2,2,4,1,4,1,2,1,2,3,3,2768,3,2,12,3,1,14,3,7,3,2
433,46,1,1125,1,10,3,4,3,2,2,3,1,4,2,9071,2,1,19,3,1,15,3,3,2,2
434,31,1,1274,2,9,1,1,3,1,3,3,4,2,3,10648,1,2,25,4,1,13,4,13,8,2
435,33,1,1277,2,15,1,2,2,1,3,3,6,3,2,13610,7,1,12,3,0,15,4,7,6,1
436,33,1,587,2,10,1,2,1,1,1,1,3,4,3,3408,7,2,13,3,3,8,3,4,3,1
437,30,1,413,1,7,1,4,4,1,3,1,7,2,1,2983,0,2,14,3,0,4,3,3,2,2
438,35,1,1276,2,16,3,1,4,1,3,3,5,3,2,7632,4,1,12,3,0,10,3,8,7,2
439,31,2,534,2,20,3,1,1,1,3,3,5,3,2,9824,3,2,12,3,0,12,3,1,0,1
440,34,2,988,3,23,3,6,2,2,3,3,9,1,3,9950,9,1,15,3,3,11,3,3,2,1
441,42,2,1474,2,5,2,3,2,1,3,1,3,3,2,2093,4,2,17,3,1,8,3,2,2,2
442,36,3,635,1,10,4,2,2,1,3,3,1,4,1,9980,1,2,14,3,0,10,2,10,3,2
443,22,2,1368,2,4,1,5,3,1,2,1,3,3,1,3894,5,2,16,3,0,4,3,2,2,1
444,48,1,163,1,2,5,4,2,2,3,2,1,4,2,4051,2,2,14,3,1,14,3,9,7,2
445,55,1,1117,1,18,5,1,1,2,3,4,6,2,1,16835,3,2,23,4,0,37,3,10,9,2
446,41,3,267,1,10,2,1,4,1,3,2,1,4,1,6230,7,2,14,3,0,16,3,14,3,2
447,35,1,619,1,1,3,4,2,1,3,2,1,3,2,4717,9,2,11,3,0,15,3,11,9,2
448,40,1,302,2,6,3,1,2,2,3,4,4,3,1,13237,7,2,15,3,0,22,3,20,6,2
449,39,2,443,2,8,1,1,3,2,3,1,3,3,2,3755,1,2,11,3,1,8,3,8,3,2
450,31,1,828,1,2,1,1,2,1,3,2,1,4,1,6582,4,1,13,3,0,10,4,6,5,2
451,42,1,319,2,24,3,2,4,1,3,3,4,1,2,7406,1,1,21,4,1,10,2,10,9,2
452,45,1,561,1,2,3,3,4,1,3,2,1,2,2,4805,0,2,19,3,1,9,4,8,7,2
453,26,2,426,3,17,4,1,2,2,3,1,9,3,3,2741,0,1,11,3,1,8,2,7,7,1
454,29,1,232,2,19,3,5,4,1,3,2,4,4,3,4262,4,2,12,3,2,8,4,3,2,2
455,33,1,922,2,1,5,2,1,2,4,4,8,3,3,16184,4,2,19,3,1,10,3,6,1,2
456,31,1,688,1,7,3,1,3,1,2,3,6,4,3,11557,9,2,21,4,1,10,2,5,4,2
457,18,2,1306,1,5,3,4,2,1,3,1,7,2,1,1878,1,1,14,3,0,0,3,0,0,1
458,40,3,1094,1,28,3,3,3,1,1,3,1,1,3,10932,3,2,15,3,1,20,3,1,0,2
459,41,3,509,2,2,4,3,1,2,2,2,5,3,1,6811,2,1,17,3,0,10,3,8,7,2
460,26,1,775,1,29,2,2,1,1,3,2,1,3,3,4306,5,2,12,3,2,8,3,0,0,2
461,35,1,195,1,1,3,2,1,2,3,2,1,3,1,4859,1,2,16,3,0,5,3,5,4,2
462,34,1,258,1,21,4,1,4,1,4,2,1,4,1,5337,1,2,12,3,0,10,3,10,7,2
463,26,1,471,2,24,3,5,3,1,1,1,3,4,1,2340,1,1,18,3,0,1,1,1,0,1
464,37,1,799,2,1,3,5,2,2,3,3,4,4,1,7491,4,2,17,3,0,12,4,6,5,2
465,46,2,1034,2,18,1,2,1,2,3,3,5,3,2,10527,5,2,11,3,0,28,2,2,2,2
466,41,1,1276,1,2,5,1,2,2,3,4,6,1,2,16595,7,2,16,3,1,22,3,18,16,2
467,37,3,142,1,9,4,2,1,1,3,3,1,2,3,8834,1,2,13,3,1,9,3,9,5,2
468,52,1,956,2,6,2,5,4,1,3,2,2,1,3,5577,3,1,12,3,2,18,3,10,9,2
469,32,3,1474,1,11,4,3,4,1,4,2,1,3,2,4707,8,2,12,3,0,6,3,4,2,1
470,24,2,535,1,24,3,2,4,1,3,1,7,4,2,2400,0,2,13,3,2,3,3,2,2,2
471,38,1,1495,2,10,3,2,3,2,3,2,5,3,2,9824,3,2,19,3,1,18,3,1,0,2
472,37,1,446,2,1,4,1,2,2,3,2,4,2,2,6447,6,2,12,3,1,8,2,6,5,2
474,24,1,691,2,23,3,2,2,1,4,1,2,4,2,2725,1,1,11,3,2,6,3,6,5,2
475,26,1,703,1,28,2,4,1,1,3,2,1,2,2,6272,1,2,20,4,2,6,4,5,3,2
476,24,1,823,2,17,2,3,4,1,2,1,3,2,2,2127,1,2,21,4,1,1,3,1,0,2
478,25,1,622,1,13,1,2,2,1,3,1,7,3,2,2096,1,2,11,3,0,7,3,7,4,2
479,24,2,1287,2,7,3,1,1,2,3,1,3,3,2,2886,1,1,16,3,1,6,3,6,3,1
480,30,2,448,1,12,4,1,2,1,2,1,7,1,2,2033,1,2,18,3,1,1,4,1,0,1
481,34,1,254,2,1,2,1,2,1,2,1,2,4,2,3622,1,1,13,3,1,6,3,6,5,2
482,31,1,1365,1,13,4,2,2,1,3,2,1,1,3,4233,2,2,17,3,0,9,1,3,1,1
483,35,1,538,2,25,2,3,1,1,2,2,3,4,1,3681,4,2,14,3,0,9,3,3,2,2
484,31,1,525,1,6,4,2,1,1,4,2,1,4,3,5460,4,2,22,4,2,13,4,7,7,2
485,27,1,798,2,6,4,2,1,2,2,1,2,3,3,2187,0,2,12,3,2,6,2,5,3,2
486,37,1,558,1,2,3,4,4,1,3,2,1,3,2,9602,4,1,11,3,1,17,2,3,0,2
487,20,1,959,2,1,3,1,4,2,2,1,2,2,1,2836,1,2,13,3,0,1,4,1,0,2
488,42,1,622,2,2,4,1,3,2,3,2,5,4,2,4089,1,2,13,3,2,10,3,10,2,2
489,43,1,782,2,6,4,3,2,1,2,4,8,4,3,16627,4,1,14,3,1,21,2,1,0,2
490,38,1,362,2,1,1,1,3,2,3,1,2,1,1,2619,3,2,17,3,0,8,2,0,0,2
491,43,2,1001,2,9,5,2,4,1,3,2,3,3,3,5679,3,1,13,3,1,10,3,8,7,2
492,48,1,1236,2,1,4,1,4,2,2,4,6,1,2,15402,7,2,11,3,1,21,1,3,2,2
493,44,1,1112,3,1,4,1,1,2,2,2,9,3,1,5985,4,2,11,3,0,10,4,2,2,2
494,34,1,204,1,14,3,5,3,2,3,1,7,3,3,2579,1,1,18,3,2,8,3,8,2,2
495,27,1,1420,1,2,1,4,3,1,3,1,7,1,3,3041,0,2,11,3,1,5,3,4,3,1
496,21,1,1343,1,22,1,5,3,1,3,1,7,3,1,3447,1,2,11,3,0,3,3,3,2,2
498,22,1,604,2,6,1,2,1,1,3,1,2,3,2,2773,0,2,20,4,0,3,3,2,2,2
499,33,1,1216,1,8,4,4,3,1,3,2,1,3,3,7104,0,2,12,3,0,6,3,5,0,2
500,32,1,646,2,9,4,1,1,2,3,2,2,4,2,6322,1,1,12,3,1,6,2,6,4,2
501,30,2,160,2,3,3,2,3,2,3,1,2,3,3,2083,1,2,20,4,1,1,3,1,0,2
502,53,1,238,1,1,1,2,4,2,3,2,1,1,1,8381,7,2,20,4,0,18,4,14,7,2
503,34,1,1397,2,1,5,1,2,1,3,1,2,4,2,2691,1,2,12,3,1,10,2,10,9,2
504,45,2,306,1,26,4,1,1,2,3,2,1,1,2,4286,2,2,14,3,2,5,3,1,1,1
505,26,1,991,2,6,3,1,3,2,3,1,3,4,2,2659,1,1,13,3,1,3,3,3,2,2
506,37,1,482,2,3,3,3,3,1,3,3,4,3,2,9434,1,2,15,3,1,10,3,10,7,2
507,29,1,1176,1,3,2,2,2,2,3,2,1,3,2,5561,1,2,14,3,1,6,2,6,0,2
508,35,1,1017,2,6,4,1,2,1,1,2,2,4,1,6646,1,2,13,3,0,17,3,17,11,2
509,33,2,1296,2,6,3,1,3,1,3,2,5,4,3,7725,3,2,23,4,1,15,1,13,11,2
510,54,1,397,3,19,4,2,3,1,3,3,9,2,2,10725,2,2,15,3,1,16,4,9,7,2
511,36,1,913,2,9,2,2,2,1,2,2,4,2,3,8847,2,1,11,3,1,13,3,3,2,2
512,27,1,1115,2,3,4,2,1,1,2,1,2,4,1,2045,0,2,13,3,0,5,3,4,2,2
513,20,1,1362,2,10,1,2,4,1,3,1,2,3,1,1009,1,1,11,3,0,1,3,1,0,1
514,33,2,1076,2,3,3,1,1,1,3,1,2,1,1,3348,1,1,11,3,0,10,3,10,8,1
515,35,3,727,2,3,3,1,3,1,2,1,3,3,2,1281,1,2,18,3,2,1,3,1,0,2
516,23,1,885,2,4,3,2,1,1,4,1,2,1,2,2819,2,2,16,3,1,5,4,3,2,2
517,25,1,810,1,8,3,1,4,1,4,2,1,2,2,4851,0,2,22,4,1,4,3,3,2,2
518,38,1,243,1,7,4,4,4,2,2,2,1,4,1,4028,0,2,20,4,0,8,3,7,7,2
519,29,2,806,2,1,4,1,2,1,1,1,2,4,3,2720,1,2,18,3,1,10,3,10,7,2
520,48,1,817,1,2,1,4,2,1,4,2,1,2,2,8120,3,2,12,3,0,12,3,2,2,2
521,27,2,1410,1,3,1,2,4,2,4,2,1,4,3,4647,1,1,20,4,2,6,3,6,5,2
522,37,1,1225,2,10,2,1,4,1,4,1,2,4,1,4680,3,2,17,3,0,4,3,1,0,2
523,50,1,1207,2,28,1,2,4,1,4,1,3,3,2,3221,1,1,11,3,3,20,3,20,8,2
524,34,1,1442,2,9,3,2,4,2,2,3,5,2,1,8621,1,2,14,3,0,9,4,8,7,2
525,24,1,693,1,3,2,1,1,2,3,2,1,3,1,4577,9,2,14,3,0,4,3,2,2,1
526,39,1,408,2,2,4,5,4,2,2,2,5,3,1,4553,1,2,11,3,0,20,3,20,7,2
527,32,1,929,1,10,3,4,4,1,3,2,1,4,1,5396,1,2,12,3,0,10,2,10,7,2
528,50,2,562,1,8,2,5,2,1,3,2,1,3,2,6796,3,1,14,3,1,18,3,4,3,1
529,38,1,827,2,1,4,1,2,2,4,2,5,4,1,7625,0,2,13,3,0,10,2,9,7,2
530,27,1,608,2,1,2,1,3,2,3,3,4,1,2,7412,1,2,11,3,0,9,3,9,7,2
531,32,1,1018,2,3,2,1,3,2,3,3,8,4,1,11159,3,2,15,3,0,10,3,7,7,2
532,47,1,703,1,14,4,4,4,1,3,2,1,1,1,4960,2,2,12,3,0,20,3,7,7,2
533,40,2,580,1,5,4,1,4,1,2,3,1,1,2,10475,5,1,21,4,1,20,3,18,13,2
534,53,1,970,2,7,3,1,3,1,4,4,8,3,2,14814,3,2,19,3,0,32,3,5,1,2
536,60,1,1179,1,16,4,4,1,1,3,2,1,1,1,5405,8,2,14,3,0,10,3,2,2,2
537,27,2,294,2,10,2,1,4,1,3,3,4,1,3,8793,1,2,21,4,2,9,2,9,7,2
539,50,1,316,1,8,4,4,4,1,3,1,7,2,2,3875,7,2,15,3,1,4,3,2,2,2
540,28,1,654,2,1,2,1,1,2,1,1,2,2,1,2216,7,1,13,3,0,10,3,7,7,1
541,36,3,427,2,8,3,1,1,2,4,3,8,1,2,11713,9,2,14,3,1,10,3,8,7,2
542,38,1,168,2,1,3,1,3,2,3,3,4,3,1,7861,4,1,14,3,0,10,4,1,0,2
543,44,3,381,2,24,3,2,1,1,1,1,3,3,1,3708,2,2,14,3,0,9,3,5,2,2
544,47,2,217,1,3,3,2,4,2,3,4,1,3,3,13770,9,1,12,3,2,28,2,22,2,2
545,30,1,501,1,27,5,4,3,1,3,2,1,4,3,5304,7,2,23,4,1,10,2,8,7,2
546,29,1,1396,1,10,3,1,3,1,3,1,7,3,1,2642,1,2,11,3,0,1,3,1,0,2
547,42,2,933,2,19,3,2,3,1,4,1,2,3,3,2759,6,1,12,3,0,7,3,2,2,1
548,43,2,775,1,15,3,1,4,1,2,2,1,4,2,6804,3,2,18,3,1,7,3,2,2,2
549,34,1,970,2,8,2,2,2,2,3,2,5,3,1,6142,3,2,11,3,0,10,3,5,1,2
550,23,1,650,2,9,1,2,2,1,3,1,3,1,2,2500,1,2,14,3,1,5,4,4,3,2
551,39,1,141,3,3,3,6,3,2,4,2,9,2,2,6389,9,2,15,3,1,12,1,8,3,2
552,56,1,832,2,9,3,2,3,1,3,4,5,4,2,11103,7,2,11,3,0,30,2,10,7,2
553,40,1,804,2,2,1,2,4,2,2,1,2,4,1,2342,0,1,20,4,0,5,2,4,2,2
554,27,1,975,2,7,3,2,4,2,2,2,5,1,1,6811,8,2,19,3,0,9,1,7,6,2
555,29,1,1090,1,10,3,4,4,1,3,1,7,2,3,2297,1,2,14,3,2,2,3,2,2,2
556,53,1,346,2,6,3,1,4,1,3,2,3,4,1,2450,2,2,17,3,0,19,3,2,2,2
557,35,3,1225,2,2,4,1,4,2,3,2,5,1,3,5093,2,2,11,3,1,16,4,1,0,2
558,32,2,430,2,24,4,1,1,1,3,2,3,4,2,5309,1,2,15,3,2,10,3,10,8,2
559,38,1,268,2,2,5,2,4,1,3,1,2,3,2,3057,6,1,13,3,1,6,1,1,0,2
560,34,1,167,2,8,5,1,2,2,3,2,4,1,3,5121,3,2,14,3,1,7,3,0,0,2
561,52,1,621,1,3,4,4,3,1,2,4,6,1,2,16856,1,2,11,3,0,34,4,34,6,2
562,33,1,527,2,1,4,3,4,1,3,1,2,4,1,2686,1,1,13,3,0,10,2,10,9,1
563,25,1,883,1,26,1,2,3,2,3,2,1,4,1,6180,1,2,23,4,0,6,2,6,5,2
564,45,1,954,1,2,2,5,2,1,1,2,7,3,1,6632,0,2,13,3,0,9,3,8,7,2
565,23,1,310,2,10,1,2,1,1,4,1,2,3,1,3505,1,2,18,3,0,2,3,2,2,2
566,47,2,719,1,27,2,1,2,2,4,2,1,3,1,6397,4,1,12,3,0,8,3,5,4,1
567,34,1,304,1,2,3,3,4,1,3,2,1,4,1,6274,1,2,22,4,0,6,3,6,5,2
569,36,3,1434,1,8,4,1,1,1,2,3,1,1,1,7587,1,2,15,3,0,10,3,10,7,2
570,52,3,715,2,19,4,2,4,1,3,1,2,4,2,4258,0,2,18,3,1,5,3,4,3,2
571,26,2,575,2,1,2,1,1,2,1,1,3,4,3,4364,3,2,14,3,1,5,3,2,2,2
572,29,1,657,2,27,3,2,2,2,3,2,5,3,2,4335,4,2,12,3,1,11,2,8,7,2
573,26,1,1146,1,8,3,5,4,1,2,2,1,1,1,5326,6,2,17,3,0,6,2,4,3,1
574,34,1,182,2,1,4,1,2,2,4,1,2,4,1,3280,2,2,16,3,0,10,3,4,2,2
575,54,1,376,2,19,4,2,4,2,3,2,4,1,3,5485,9,1,11,3,2,9,3,5,3,2
576,27,2,829,1,8,1,4,3,1,3,2,1,4,2,4342,0,2,19,3,1,5,3,4,2,2
577,37,1,571,2,10,1,1,4,2,3,1,2,1,3,2782,0,1,13,3,2,6,2,5,3,2
578,38,2,240,2,2,4,1,1,2,4,2,4,1,1,5980,6,1,12,3,0,17,3,15,7,2
579,34,1,121,2,2,4,2,3,2,2,1,2,1,1,4381,1,2,11,3,0,6,3,6,5,2
580,35,1,384,1,8,4,1,1,2,3,1,7,4,2,2572,1,2,16,3,1,3,2,3,2,2
581,30,1,921,2,1,3,1,4,1,1,1,3,3,2,3833,3,2,21,4,2,7,3,2,2,2
582,40,2,791,2,2,2,2,3,2,4,2,5,2,2,4244,1,2,24,4,1,8,3,8,7,2
583,34,1,1111,1,8,2,1,3,2,3,2,1,1,2,6500,5,2,17,3,1,6,3,3,2,2
585,23,1,1243,2,6,3,1,3,1,4,1,3,1,2,1601,1,1,21,4,2,1,3,0,0,1
586,24,3,1092,2,9,3,1,3,1,2,1,3,2,3,2694,1,2,11,3,3,1,3,1,0,2
587,52,1,1325,2,11,4,1,4,2,3,2,3,3,2,3149,8,2,20,4,1,9,3,5,2,2
589,29,1,805,2,1,2,1,2,2,2,1,3,1,2,2319,1,1,11,3,1,1,3,1,0,1
590,33,1,213,2,7,3,2,3,1,3,3,8,3,2,11691,0,2,11,3,0,14,4,13,9,2
591,33,1,118,1,16,3,4,1,2,3,2,1,1,1,5324,5,2,15,3,0,6,3,3,2,1
592,47,1,202,2,2,2,3,3,2,3,4,6,4,2,16752,1,1,11,3,1,26,2,26,14,2
593,36,1,676,2,1,3,3,3,2,3,2,4,2,2,5228,0,2,15,3,1,10,3,9,7,2
594,29,1,1252,2,23,2,1,3,1,4,1,2,3,2,2700,1,2,24,4,1,10,3,10,7,2
596,35,1,1258,2,1,4,1,4,2,4,1,2,3,1,2506,3,2,13,3,0,7,3,2,2,2
597,42,1,932,2,1,2,1,4,2,2,2,4,4,2,6062,9,1,13,3,1,8,3,4,3,2
598,28,1,890,2,2,4,2,3,1,3,1,2,3,1,4382,6,2,17,3,0,5,2,2,2,1
599,36,1,1041,3,13,3,6,3,1,3,1,9,2,2,2143,4,2,13,3,1,8,3,5,2,2
600,32,1,859,2,4,3,1,3,2,2,2,4,3,2,6162,1,2,12,3,1,14,3,14,13,2
601,40,2,720,2,16,4,2,1,1,2,2,3,3,1,5094,6,2,14,3,0,10,3,1,0,2
602,30,1,946,2,2,3,2,3,2,2,2,4,4,1,6877,5,1,24,4,0,12,2,0,0,2
603,45,1,252,2,2,3,1,2,2,2,1,2,3,1,2274,1,2,14,3,0,1,3,1,0,2
604,42,1,933,2,29,3,1,2,1,3,2,4,2,2,4434,1,2,13,3,1,10,2,9,8,2
605,38,2,471,2,12,3,1,1,1,2,2,5,1,3,6288,2,2,15,3,1,13,2,4,3,2
606,34,2,702,2,16,4,1,3,2,2,1,2,4,1,2553,1,2,16,3,0,6,3,5,2,2
607,49,1,1184,1,11,3,4,3,2,3,3,1,4,2,7654,1,2,18,3,2,9,4,9,8,1
608,55,1,436,1,2,1,2,3,1,3,2,1,4,1,5160,4,2,16,3,0,12,2,9,7,1
610,27,1,269,2,5,1,5,3,1,2,3,8,4,3,12808,1,1,16,3,1,9,3,9,8,2
611,35,1,950,2,7,3,3,3,1,3,3,4,3,1,10221,3,2,21,4,0,17,4,8,5,2
612,28,1,760,1,2,4,4,2,2,3,2,1,2,2,4779,1,1,20,4,0,8,3,8,7,2
613,34,1,829,3,3,2,6,3,1,3,1,9,4,2,3737,0,2,19,3,1,4,1,3,2,2
614,26,2,887,2,5,2,2,3,2,2,1,2,3,2,2366,1,1,14,3,1,8,3,8,7,1
615,27,3,443,2,3,3,2,4,1,3,1,2,4,2,1706,1,2,11,3,3,0,2,0,0,2
616,51,1,1318,1,26,4,4,1,2,3,4,6,3,2,16307,2,2,14,3,1,29,2,20,6,2
617,44,1,625,2,4,3,2,4,1,3,2,5,2,1,5933,9,2,12,3,0,10,2,5,2,2
618,25,1,180,2,2,1,2,1,1,4,1,2,1,1,3424,7,2,13,3,0,6,2,4,3,2
619,33,1,586,1,1,3,2,1,1,4,2,1,1,3,4037,1,2,22,4,1,9,3,9,8,2
620,35,1,1343,2,27,1,2,3,2,2,1,2,1,1,2559,1,2,11,3,0,6,2,6,5,2
621,36,1,928,1,1,2,1,2,1,3,2,1,4,2,6201,1,1,14,3,1,18,2,18,14,2
622,32,1,117,1,13,4,1,2,1,3,2,1,4,3,4403,2,2,11,3,1,8,2,5,2,2
623,30,2,1012,2,5,4,1,2,1,2,1,2,4,3,3761,9,2,12,3,1,10,2,5,4,2
624,53,1,661,1,7,2,4,1,2,2,3,1,4,2,10934,7,1,18,3,1,35,3,5,2,2
625,45,1,930,1,9,3,4,4,1,3,3,1,1,3,10761,4,1,12,3,1,18,3,5,4,2
626,32,1,638,2,8,2,2,3,2,4,2,2,3,2,5175,5,2,12,3,1,9,2,5,3,2
627,52,2,890,2,25,4,2,3,2,2,4,4,4,2,13826,3,2,22,4,0,31,3,9,8,2
628,37,1,342,1,16,4,4,4,1,2,2,1,3,3,6334,4,2,19,3,2,9,3,1,0,2
629,28,1,1169,3,8,2,2,2,1,2,1,9,4,3,4936,1,2,13,3,1,6,3,5,1,2
630,22,1,1230,2,1,2,1,4,1,2,2,4,4,2,4775,6,2,22,4,2,4,1,2,2,2
631,44,1,986,2,8,4,1,1,1,4,1,3,4,2,2818,2,1,24,4,1,10,2,3,2,2
632,42,2,1271,2,2,1,2,2,1,3,1,2,4,1,2515,5,1,14,3,0,8,3,2,1,2
633,36,1,1278,3,8,3,1,1,1,2,1,9,1,2,2342,0,2,21,4,0,6,3,5,4,2
634,25,1,141,1,3,1,3,3,1,3,2,1,1,2,4194,1,1,18,3,0,5,3,5,3,2
635,35,1,607,2,9,3,1,4,2,2,3,4,3,2,10685,1,1,20,4,1,17,3,17,14,2
636,35,2,130,2,25,4,1,4,2,3,1,2,2,3,2022,1,1,19,3,1,10,2,10,2,1
637,32,3,300,2,1,3,1,4,1,3,1,3,4,3,2314,0,2,12,3,1,4,3,3,0,2
638,25,1,583,1,4,1,4,3,1,2,2,1,1,2,4256,1,2,12,3,0,5,4,5,2,2
639,49,1,1418,2,1,3,5,3,2,3,1,2,1,2,3580,2,2,16,3,1,7,3,4,2,2
640,24,3,1269,2,4,1,1,1,1,2,1,3,4,2,3162,0,2,17,3,0,6,2,5,2,2
641,32,2,379,1,5,2,1,2,1,3,2,1,2,2,6524,1,2,14,3,1,10,3,10,8,2
642,38,1,395,1,9,3,4,2,1,2,1,7,2,2,2899,0,2,19,3,1,3,3,2,2,2
643,42,1,1265,2,3,3,1,3,2,4,2,3,4,2,5231,2,1,13,3,1,17,2,5,3,2
644,31,1,1222,2,11,4,1,4,1,3,1,2,4,2,2356,3,1,19,3,1,8,3,6,4,2
645,29,1,341,1,1,3,2,2,2,2,1,7,3,3,2800,6,1,19,3,3,5,3,3,2,1
646,53,1,868,1,8,3,4,1,1,3,4,1,4,2,11836,5,2,14,3,1,28,3,2,0,2
647,35,1,672,2,25,3,5,4,1,2,3,4,2,2,10903,3,2,16,3,0,16,3,13,10,2
648,37,2,1231,1,21,2,2,3,2,3,1,7,4,2,2973,5,2,15,3,1,10,3,5,4,2
649,53,1,102,2,23,4,1,4,2,3,4,8,4,1,14275,6,2,18,3,0,33,3,12,9,2
650,43,2,422,2,1,3,1,4,2,3,2,5,4,2,5562,4,2,13,3,1,12,2,5,2,2
651,47,1,249,1,2,2,4,3,2,3,2,1,4,2,4537,0,1,22,4,1,8,3,7,6,2
652,37,3,1252,1,19,2,2,1,1,3,3,1,2,1,7642,1,1,13,3,0,10,3,10,0,2
654,39,1,1383,3,2,3,1,4,2,2,2,9,4,2,5204,8,2,11,3,2,13,3,5,4,2
655,33,1,1075,3,3,2,6,4,1,3,1,9,2,3,2277,3,1,11,3,1,7,4,4,3,2
656,32,1,374,2,25,4,1,1,1,3,1,3,4,1,2795,1,1,24,4,0,1,1,1,0,1
657,29,1,1086,2,7,1,2,1,2,2,1,3,4,3,2532,6,2,14,3,3,8,3,4,3,2
658,44,1,661,2,9,2,1,2,1,3,1,2,1,2,2559,1,1,13,3,0,8,3,8,7,2
659,28,1,821,1,5,4,2,1,1,3,2,1,4,1,4908,1,2,14,3,0,4,3,4,2,2
660,58,2,781,2,2,1,1,4,1,2,1,3,4,3,2380,9,1,14,3,1,3,2,1,0,1
661,43,1,177,2,8,3,1,1,2,3,2,4,2,3,4765,4,2,21,4,1,4,4,1,0,2
662,20,1,500,1,2,3,2,3,2,2,1,7,3,1,2044,1,2,13,3,0,2,2,2,2,1
663,21,1,1427,2,18,1,3,4,2,3,1,2,4,1,2693,1,2,19,3,0,1,2,1,0,1
664,36,1,1425,2,14,1,1,3,1,3,2,5,4,2,6586,0,1,17,3,1,17,2,16,8,2
665,47,1,1454,1,2,4,1,4,2,2,1,7,4,1,3294,1,1,18,3,0,3,2,3,2,2
666,22,1,617,2,3,1,1,2,2,3,2,4,3,2,4171,0,1,19,3,1,4,4,3,2,1
667,41,1,1085,2,2,4,1,2,2,1,1,3,4,3,2778,4,1,13,3,1,10,2,7,7,1
668,28,1,995,2,9,3,2,3,2,3,1,2,3,3,2377,5,2,18,3,1,6,3,2,2,2
669,39,1,1122,2,6,3,2,4,1,3,1,3,1,2,2404,7,1,21,4,0,8,1,2,2,1
670,27,1,618,2,4,3,1,2,2,3,1,2,3,1,2318,1,2,19,3,0,1,3,1,1,2
671,34,1,546,2,10,3,1,2,1,3,1,3,2,3,2008,1,2,14,3,2,1,3,1,0,2
672,42,1,462,1,14,2,2,3,2,2,2,1,3,1,6244,7,2,17,3,0,10,3,5,4,2
673,33,1,1198,2,1,4,3,3,1,2,1,2,1,1,2799,3,1,11,3,0,6,3,3,2,2
674,58,1,1272,2,5,3,5,3,2,2,3,5,2,3,10552,2,1,13,3,1,24,3,6,0,2
675,31,1,154,1,7,4,1,2,1,2,1,7,3,2,2329,3,2,15,3,0,13,4,7,7,2
676,35,1,1137,2,21,1,1,4,2,3,2,5,4,2,4014,1,1,25,4,1,10,1,10,6,2
677,49,1,527,2,8,2,3,1,2,3,3,3,2,2,7403,4,2,11,3,1,29,2,26,9,2
678,48,1,1469,2,20,4,2,4,1,3,1,2,3,2,2259,4,2,17,3,2,13,2,0,0,2
679,31,3,1188,1,20,2,4,4,2,3,2,1,3,2,6932,1,2,13,3,1,9,2,9,8,2
680,36,1,188,2,7,4,3,2,1,3,1,2,4,1,4678,2,2,18,3,0,8,3,6,2,2
681,38,1,1333,2,1,3,5,4,2,3,3,8,1,2,13582,1,2,13,3,1,15,3,15,12,2
682,32,3,1184,2,1,3,1,3,2,2,1,3,2,2,2332,6,2,20,4,0,5,3,3,0,2
683,25,1,867,1,19,2,4,3,1,2,1,7,2,2,2413,1,1,18,3,3,1,3,1,0,1
684,40,1,658,1,10,4,4,1,1,2,3,1,2,3,9705,2,2,12,3,1,11,2,1,0,2
685,26,2,1283,1,1,3,2,3,1,2,2,1,1,1,4294,1,2,12,3,0,7,3,7,7,2
686,41,1,263,2,6,3,2,4,1,3,1,3,1,1,4721,2,1,13,3,0,20,3,18,13,2
687,36,1,938,2,2,4,2,3,1,3,1,3,3,1,2519,4,2,21,4,0,16,3,11,8,2
688,19,1,419,1,21,3,3,4,1,2,1,7,2,1,2121,1,1,13,3,0,1,4,1,0,1
689,20,1,129,2,4,3,5,1,1,3,1,3,1,1,2973,1,2,19,3,0,1,3,1,0,1
690,31,1,616,2,12,3,2,4,2,3,2,5,4,2,5855,0,1,11,3,2,10,1,9,7,2
691,40,2,1469,2,9,4,2,4,1,3,1,2,2,3,3617,8,1,14,3,1,3,3,1,1,2
692,32,1,498,2,3,4,2,3,2,3,2,4,1,2,6725,1,2,12,3,1,8,4,8,7,2
693,36,1,530,1,3,1,1,3,1,2,3,1,4,2,10325,1,1,11,3,1,16,3,16,7,1
694,33,1,1069,2,1,3,1,2,2,2,2,5,4,1,6949,0,2,14,3,0,6,3,5,0,2
695,37,1,625,1,1,4,1,1,1,2,3,1,3,2,10609,5,2,11,3,0,17,1,14,1,1
696,45,3,805,2,4,2,1,3,1,3,2,3,2,2,4447,1,2,12,3,0,9,2,9,7,2
697,29,2,1404,1,20,3,5,3,2,3,1,7,4,2,2157,1,2,15,3,1,3,3,3,1,2
698,35,1,1219,1,18,3,2,3,2,3,2,1,3,2,4601,1,2,16,3,0,5,3,5,2,2
700,58,1,289,2,2,3,5,4,1,3,1,2,3,1,2479,4,2,24,4,0,7,3,1,0,1
701,53,1,1376,1,2,2,2,3,1,3,4,6,3,3,14852,6,2,13,3,1,22,4,17,13,2
702,30,1,231,1,8,2,3,3,1,3,3,1,3,3,7264,5,2,11,3,1,10,4,8,4,2
703,38,3,152,1,10,3,5,3,2,3,2,1,4,1,5666,1,1,13,3,0,6,3,5,3,2
704,35,1,882,1,3,4,1,4,1,3,3,1,4,3,7823,6,2,13,3,1,12,3,10,9,2
705,39,1,903,1,2,5,1,1,1,4,3,1,3,1,7880,0,2,18,3,0,9,3,8,7,2
706,40,3,1479,1,24,3,1,2,2,4,4,1,2,1,13194,4,1,16,3,0,22,2,1,0,1
707,47,2,1379,2,16,4,2,3,1,4,2,4,3,3,5067,1,1,19,3,0,20,4,19,10,2
708,36,3,1229,1,8,4,5,1,1,3,2,1,4,3,5079,4,2,13,3,2,12,3,7,7,2
709,31,3,335,2,9,2,2,3,1,2,1,2,1,1,2321,0,1,22,4,0,4,3,3,2,1
711,29,1,906,2,10,3,1,4,2,2,1,2,1,1,2404,6,1,20,4,0,3,3,0,0,1
712,33,1,461,2,13,1,1,2,2,3,1,2,4,1,3452,3,2,18,3,0,5,3,3,2,2
713,45,1,974,2,1,4,2,4,2,3,1,3,4,3,2270,3,2,14,3,2,8,3,5,3,2
715,33,2,827,2,1,4,3,3,2,4,2,5,2,2,5488,1,1,13,3,1,6,3,6,5,2
717,27,1,1134,2,16,4,5,3,2,3,1,3,2,2,2811,9,2,14,3,1,4,3,2,2,2
718,45,3,248,2,23,2,1,4,1,3,2,3,1,2,3633,1,1,15,3,1,9,3,9,8,2
719,47,1,955,1,4,2,1,4,2,3,2,1,4,1,4163,1,1,17,3,0,9,3,9,0,2
720,30,1,138,2,22,3,1,1,2,3,1,2,3,2,2132,4,1,11,3,0,7,3,5,2,1
721,50,1,939,2,24,3,1,4,1,3,4,4,3,2,13973,3,1,18,3,1,22,3,12,11,2
722,38,2,1391,2,10,1,2,3,1,3,1,2,3,2,2684,0,2,17,3,1,3,2,2,1,2
723,46,1,566,2,7,2,2,4,1,3,3,4,3,3,10845,6,2,13,3,1,13,3,8,7,2
724,24,1,1206,2,17,1,2,4,2,2,2,4,3,3,4377,1,2,15,3,2,5,3,4,2,2
725,35,1,622,2,14,4,3,3,1,2,1,3,2,3,3743,1,1,24,4,1,5,1,4,2,1
726,31,2,853,2,1,1,1,3,2,3,2,4,1,2,4148,1,2,12,3,1,4,3,4,3,2
727,18,3,287,2,5,2,1,2,1,3,1,2,4,1,1051,1,2,15,3,0,0,3,0,0,2
728,54,1,1441,2,17,3,5,3,2,3,3,4,3,2,10739,8,2,11,3,1,22,3,10,7,2
729,35,1,583,2,25,4,2,3,2,3,3,5,3,3,10388,1,1,11,3,1,16,2,16,10,2
730,30,1,153,2,8,2,1,2,2,4,3,8,1,2,11416,0,1,12,3,3,9,2,8,7,2
731,20,1,1097,2,11,3,2,4,2,2,1,2,1,1,2600,1,1,15,3,0,1,3,1,0,1
732,30,2,109,2,5,3,2,2,2,3,1,3,2,1,2422,0,2,17,3,0,4,3,3,2,1
733,26,1,1066,2,2,2,2,4,1,4,2,4,4,2,5472,1,2,12,3,0,8,3,8,7,2
734,22,1,217,2,8,1,1,2,1,1,1,3,1,2,2451,1,2,15,3,1,4,2,4,3,2
735,48,1,277,2,6,3,1,1,1,2,2,5,3,1,4240,2,2,13,3,0,19,3,2,2,2
736,48,1,1355,2,4,4,1,3,1,2,3,5,3,1,10999,7,2,14,3,0,27,3,15,11,2
737,41,1,549,2,7,2,2,4,2,3,2,4,3,1,5003,6,2,14,3,0,8,3,2,2,2
738,39,1,466,2,1,1,1,4,2,2,4,4,4,2,12742,1,2,16,3,1,21,3,21,6,2
739,27,1,1055,2,2,4,1,1,2,3,2,4,4,2,4227,0,2,18,3,1,4,3,3,2,2
740,35,1,802,2,10,3,3,2,1,3,1,3,4,3,3917,1,2,20,4,1,3,2,3,2,2
742,50,1,804,2,9,3,1,1,1,3,1,3,4,2,2380,4,2,18,3,0,8,3,1,0,2
743,59,1,715,2,2,3,1,3,2,2,4,4,4,1,13726,3,1,13,3,0,30,3,5,3,2
744,37,1,1141,2,11,2,2,1,2,1,2,5,2,2,4777,5,2,15,3,0,15,1,1,0,1
745,55,2,135,2,18,4,2,3,1,3,2,5,2,2,6385,3,1,14,3,2,17,3,8,7,2
747,38,1,1035,1,3,4,1,2,1,3,2,1,4,1,6861,8,1,12,3,0,19,3,1,0,2
748,26,3,265,1,29,2,2,2,1,1,2,1,1,1,4969,8,2,18,3,0,7,3,2,2,1
750,44,1,1448,1,28,3,2,4,2,4,4,1,4,2,13320,3,1,18,3,1,23,3,12,11,2
751,50,3,145,1,1,3,1,4,2,3,2,1,3,2,6347,0,2,12,3,1,19,3,18,7,2
752,36,1,885,2,16,4,1,3,2,4,1,3,1,1,2743,1,2,16,3,0,18,3,17,13,1
753,39,2,945,2,22,3,2,4,2,3,3,4,1,1,10880,1,1,13,3,0,21,3,21,6,2
754,33,3,1038,1,8,1,1,2,2,2,1,7,4,1,2342,0,2,19,3,0,3,2,2,2,2
756,32,3,1109,2,29,4,2,4,2,3,1,3,3,1,4025,9,2,12,3,0,10,3,8,7,2
757,34,1,216,1,1,4,4,2,1,4,2,1,4,3,9725,0,2,11,3,1,16,2,15,1,2
758,59,1,1089,1,1,2,5,2,1,3,3,6,4,2,11904,3,1,14,3,1,14,1,6,4,2
759,45,1,788,3,24,4,2,2,1,3,1,9,2,1,2177,1,2,16,3,0,6,3,6,3,2
760,53,2,124,1,2,3,4,3,2,2,3,1,2,2,7525,2,2,12,3,1,30,3,15,7,2
761,36,1,660,2,15,3,3,1,1,3,2,3,3,3,4834,7,2,14,3,1,9,2,1,0,1
762,26,2,342,2,2,3,1,1,1,3,1,2,1,2,2042,6,1,14,3,1,6,3,3,2,1
763,34,1,1333,1,10,4,1,3,2,3,1,7,3,2,2220,1,1,19,3,1,1,3,1,1,2
764,28,1,1144,1,10,1,2,4,1,3,1,7,2,2,1052,1,2,22,4,0,1,3,1,0,2
765,38,2,1186,2,3,4,3,3,1,3,1,2,3,2,2821,3,2,16,3,1,8,3,2,2,2
767,37,1,124,2,3,3,3,4,2,3,2,5,2,1,4107,3,2,15,3,0,8,2,4,3,2
768,40,1,300,1,26,3,4,3,1,3,2,1,1,2,8396,1,2,14,3,1,8,2,7,7,2
769,26,2,921,2,1,1,2,1,2,2,1,2,3,3,2007,1,2,13,3,2,5,3,5,3,2
771,54,1,1082,1,2,4,1,3,2,2,3,1,3,2,10686,6,2,11,3,1,13,3,9,4,2
772,56,2,1240,2,9,3,2,1,2,3,1,2,3,2,2942,2,2,19,3,1,18,3,5,4,2
773,36,1,796,2,12,5,2,4,2,2,3,4,4,1,8858,0,2,11,3,0,15,2,14,8,2
774,55,3,444,2,2,1,2,3,1,2,4,6,1,1,16756,7,2,15,3,0,31,4,9,7,2
775,43,1,415,1,25,3,2,3,1,2,3,1,4,3,10798,5,2,13,3,1,18,3,1,0,2
776,20,2,769,1,9,3,4,4,2,3,1,7,4,1,2323,1,1,14,3,0,2,3,2,2,1
777,21,1,1334,2,10,3,1,3,2,2,1,3,1,1,1416,1,2,13,3,0,1,2,1,0,1
778,46,1,1003,2,8,4,1,4,2,2,2,2,1,3,4615,8,1,23,4,3,19,3,16,13,2
779,51,1,1323,2,4,4,1,1,1,3,1,2,3,2,2461,9,1,12,3,3,18,4,10,0,1
780,28,3,1366,2,24,2,5,2,1,2,3,5,1,1,8722,1,2,12,3,0,10,2,10,7,1
781,26,1,192,2,1,2,2,1,1,2,1,3,1,2,3955,1,2,16,3,2,6,3,5,3,2
782,30,1,1176,2,20,3,3,3,1,3,2,4,1,2,9957,0,2,15,3,1,7,2,6,2,2
783,41,1,509,2,7,2,5,2,2,4,1,2,3,2,3376,1,2,13,3,0,10,3,10,6,2
784,38,1,330,2,17,1,1,3,2,2,3,5,3,2,8823,0,2,18,3,1,20,2,19,9,2
785,40,1,1492,2,20,4,5,1,1,3,3,5,4,2,10322,4,2,20,4,1,14,3,11,10,2
786,27,3,1277,2,8,5,1,1,1,1,1,3,3,2,4621,1,2,19,3,3,3,3,3,2,2
787,55,2,1091,2,2,1,1,4,1,3,3,4,2,2,10976,3,2,18,3,1,23,3,3,2,2
788,28,1,857,2,10,3,3,3,2,3,2,2,3,1,3660,3,2,13,3,0,10,4,8,7,2
789,44,1,1376,3,1,2,2,2,1,2,3,9,1,2,10482,9,2,14,3,1,24,3,20,6,1
790,33,1,654,2,5,3,1,4,1,2,3,5,4,3,7119,4,2,15,3,1,9,3,3,2,2
791,35,1,1204,1,4,3,5,4,1,3,3,1,1,1,9582,0,1,22,4,0,9,3,8,7,1
792,33,2,827,2,29,4,2,1,2,2,2,2,3,1,4508,1,2,22,4,0,14,3,13,7,1
793,28,1,895,2,15,2,1,1,1,3,1,3,3,3,2207,1,2,16,3,1,4,2,4,2,2
794,34,2,618,2,3,1,1,1,1,3,2,5,4,1,7756,0,2,17,3,0,7,2,6,2,2
795,37,1,309,1,10,4,1,4,2,2,2,1,4,3,6694,2,1,14,3,3,8,3,1,0,2
796,25,1,1219,2,4,1,5,4,1,3,1,3,4,2,3691,1,1,15,3,1,7,4,7,7,1
797,26,1,1330,2,21,3,2,1,1,3,1,3,3,3,2377,1,2,20,4,1,1,2,1,1,1
798,33,1,1017,2,25,3,2,1,1,2,1,2,2,1,2313,4,1,20,4,0,5,3,2,2,1
800,28,2,1009,2,1,3,2,1,1,2,1,3,2,3,2596,1,2,15,3,2,1,3,1,0,1
801,50,2,959,1,1,4,3,4,1,3,2,1,3,1,4728,3,1,14,3,0,5,3,0,0,1
802,33,2,970,1,7,3,1,4,2,3,2,1,2,2,4302,0,2,17,3,1,4,3,3,2,2
803,34,3,697,2,3,4,1,3,1,2,1,2,4,2,2979,3,2,17,3,3,6,3,0,0,2
804,48,3,1262,2,1,4,2,1,1,4,4,6,4,1,16885,2,2,22,4,0,27,2,5,4,2
805,45,3,1050,1,9,4,1,2,2,2,2,1,3,2,5593,1,2,13,3,1,15,3,15,10,2
806,52,1,994,2,7,4,1,2,1,3,3,5,2,1,10445,7,2,19,3,0,18,3,8,6,2
807,38,1,770,1,10,4,4,3,1,2,3,1,3,3,8740,0,1,14,3,2,9,3,8,7,2
808,29,1,1107,2,28,4,1,3,2,3,1,2,4,3,2514,4,2,22,4,1,11,3,7,5,2
809,28,1,950,2,3,3,2,4,2,3,3,4,2,3,7655,0,2,17,3,3,10,2,9,7,2
811,38,1,130,1,2,2,4,4,1,3,3,1,2,1,7351,7,2,16,3,0,10,3,1,0,2
812,43,2,1082,2,27,3,1,3,2,3,3,4,1,2,10820,8,2,11,3,1,18,3,8,7,2
813,39,2,203,2,2,3,1,1,1,3,4,5,4,3,12169,7,2,11,3,3,21,3,18,7,1
815,21,1,984,2,1,1,5,4,2,2,1,2,2,1,2070,1,1,11,3,0,2,4,2,2,2
816,39,3,439,2,9,3,1,3,1,3,2,3,2,1,6782,9,2,15,3,0,9,2,5,4,2
817,36,3,217,2,18,4,1,1,1,3,2,4,4,1,7779,2,2,20,4,0,18,3,11,9,2
818,31,2,793,1,20,3,1,3,1,4,1,7,4,2,2791,0,2,12,3,1,3,3,2,2,2
819,28,1,1451,2,2,1,1,1,1,2,1,2,2,2,3201,0,2,17,3,0,6,1,5,3,2
820,35,2,1182,1,11,2,4,4,1,3,2,1,4,3,4968,1,2,11,3,1,5,3,5,2,2
821,49,1,174,1,8,4,5,4,1,2,4,1,2,2,13120,6,2,17,3,1,22,3,9,8,2
822,34,2,1003,2,2,2,1,4,1,3,2,4,3,1,4033,2,2,11,3,0,5,2,3,2,2
823,29,2,490,2,10,3,1,4,2,3,1,2,2,3,3291,0,2,14,3,2,8,2,7,5,2
824,42,1,188,2,29,3,2,2,1,1,2,3,4,1,4272,4,2,19,3,0,16,3,1,0,2
825,29,1,718,2,8,1,2,2,1,2,2,4,4,2,5056,1,1,15,3,1,10,2,10,7,2
826,38,1,433,3,1,3,6,3,1,4,1,9,3,2,2844,1,2,13,3,1,7,4,7,6,2
827,28,2,773,2,6,3,1,3,1,2,1,2,3,3,2703,1,1,14,3,1,3,3,3,1,2
828,18,3,247,2,8,1,2,3,1,3,1,3,3,1,1904,1,2,12,3,0,0,3,0,0,1
829,33,1,603,1,9,4,4,1,2,3,2,1,1,1,8224,0,1,17,3,0,6,3,5,2,1
830,41,1,167,2,12,4,1,2,1,3,1,3,4,2,4766,3,1,11,3,1,6,3,1,0,2
831,31,2,874,2,15,3,2,3,1,3,1,3,3,2,2610,1,2,12,3,1,2,2,2,2,1
832,37,1,367,2,25,2,2,3,2,2,2,5,4,3,5731,7,2,13,3,2,9,3,6,2,2
833,27,1,199,2,6,3,1,4,1,2,1,2,3,2,2539,1,2,13,3,1,4,3,4,2,2
834,34,1,1400,1,9,1,1,2,2,3,2,1,3,2,5714,1,2,20,4,0,6,2,6,5,2
835,35,1,528,3,8,4,5,3,1,3,1,9,3,1,4323,1,2,17,3,0,6,1,5,4,2
836,29,1,408,1,23,1,1,4,2,2,3,1,1,2,7336,1,2,13,3,1,11,1,11,8,1
837,40,2,593,2,9,4,2,2,2,3,3,8,3,1,13499,9,2,17,3,0,20,2,18,7,2
838,42,2,481,1,12,3,1,3,1,3,4,1,1,1,13758,0,1,12,3,0,22,2,21,9,1
839,42,1,647,1,4,4,4,2,1,3,2,1,1,1,5155,7,2,13,3,0,9,4,6,4,2
840,35,1,982,2,1,4,2,4,1,2,1,3,3,2,2258,6,2,12,3,1,10,3,8,0,2
841,24,1,477,2,24,3,2,4,1,3,1,3,2,1,3597,8,2,22,4,0,6,3,4,3,2
842,28,1,1485,2,12,1,1,3,2,3,1,3,4,2,2515,1,1,11,3,0,1,2,1,1,1
843,26,1,1384,2,3,4,2,1,1,4,1,3,4,2,4420,1,2,22,4,1,8,3,8,7,2
844,30,1,852,1,10,3,4,3,1,2,2,1,3,2,6578,1,2,18,3,1,10,3,10,3,2
845,40,2,902,2,26,2,2,3,2,2,2,2,4,2,4422,3,1,13,3,1,16,1,1,1,2
846,35,1,819,2,2,3,1,3,1,2,3,4,2,3,10274,2,2,18,3,1,15,4,7,7,2
847,34,2,669,2,1,3,2,4,1,2,2,5,1,1,5343,0,2,20,4,0,14,3,13,9,2
848,35,2,636,2,4,4,3,4,1,2,1,3,4,2,2376,1,2,13,3,1,2,4,2,2,2
849,43,1,1372,1,9,3,4,1,2,1,2,1,3,1,5346,8,2,13,3,0,7,2,4,3,1
850,32,3,862,1,2,1,1,3,2,3,1,7,1,3,2827,1,2,12,3,3,1,3,1,0,2
852,29,1,1401,2,6,1,2,2,2,3,1,3,4,2,3131,1,2,13,3,1,10,3,10,8,2
853,19,1,645,2,9,2,1,3,1,3,1,2,1,1,2552,1,2,25,4,0,1,3,1,1,2
854,45,1,1457,2,7,3,2,1,2,3,1,2,3,2,4477,4,1,19,3,1,7,2,3,2,2
855,37,1,977,2,1,3,1,4,2,2,2,4,4,2,6474,1,2,13,3,1,14,2,14,8,2
856,20,1,805,2,3,3,1,1,1,2,1,3,3,1,3033,1,2,12,3,0,2,2,2,2,2
857,44,1,1097,2,10,4,1,3,1,3,1,2,3,1,2936,1,1,11,3,0,6,3,6,4,1
859,29,1,942,2,15,1,1,2,2,1,1,2,4,2,2168,0,1,18,3,1,6,2,5,4,2
860,22,2,1256,2,3,4,1,3,1,2,1,2,4,2,2853,0,1,11,3,1,1,3,0,0,1
862,44,3,111,2,17,3,1,4,1,1,1,2,3,1,2290,2,2,13,3,0,6,3,0,0,2
863,33,1,147,3,2,3,6,2,1,3,1,9,3,2,3600,1,2,13,3,1,5,3,5,4,2
864,41,3,906,2,5,2,1,1,1,2,1,2,1,3,2107,6,2,17,3,1,5,1,1,0,1
865,30,1,1329,1,29,4,1,3,1,3,2,1,1,3,4115,8,2,19,3,3,8,3,4,3,2
866,40,2,1184,1,2,4,2,2,1,3,2,1,2,2,4327,5,2,12,3,3,5,3,0,0,2
868,28,1,1179,2,19,4,2,4,1,2,1,3,1,2,3196,1,2,12,3,3,6,3,6,5,2
870,35,1,1361,1,17,4,1,3,1,3,2,1,1,2,8966,3,1,15,3,3,15,3,7,7,2
871,24,1,984,2,17,2,1,4,2,3,1,3,2,2,2210,1,2,13,3,1,1,1,1,0,1
872,33,2,1146,1,25,3,2,2,2,3,2,1,3,2,4539,1,2,12,3,1,10,2,10,7,2
873,36,1,917,2,6,4,1,3,1,1,1,3,3,3,2741,1,2,14,3,1,7,3,7,7,2
874,30,1,853,2,7,4,1,3,1,3,2,3,3,3,3491,1,2,13,3,3,10,2,10,7,2
875,44,1,200,2,29,4,3,4,1,3,2,2,4,1,4541,1,2,25,4,0,20,3,20,11,2
876,20,1,654,1,21,3,4,3,1,4,1,7,4,1,2678,1,2,17,3,0,2,3,2,1,2
877,46,1,150,2,2,4,5,4,1,3,2,4,4,3,7379,2,2,11,3,1,12,2,6,3,2
878,42,3,179,3,2,5,2,4,1,4,2,9,1,2,6272,7,2,16,3,1,10,4,4,3,2
879,60,1,696,1,7,4,4,2,1,4,2,1,4,3,5220,0,1,18,3,1,12,3,11,7,2
880,32,2,116,2,13,3,3,3,2,2,1,3,2,2,2743,1,2,20,4,1,2,3,2,2,2
881,32,2,1316,2,2,2,1,4,2,3,2,2,3,1,4998,4,1,14,3,0,10,3,8,7,2
882,36,1,363,2,1,3,5,3,2,1,3,4,1,3,10252,2,1,21,4,1,17,3,7,7,2
883,33,1,117,2,9,3,2,1,1,3,1,2,4,2,2781,0,2,13,3,1,15,3,14,10,2
884,40,1,107,1,10,3,5,2,2,2,2,1,2,3,6852,7,2,12,3,1,7,4,5,1,2
885,25,1,1356,1,10,4,1,3,1,3,2,1,4,1,4950,0,2,14,3,0,5,3,4,3,2
886,30,1,1465,2,1,3,2,4,1,3,1,2,2,2,3579,0,1,21,4,1,12,3,11,9,2
887,42,2,458,2,26,5,2,1,2,3,3,8,1,2,13191,3,1,17,3,0,20,3,1,0,2
888,35,3,1212,1,8,2,4,3,2,2,3,1,4,2,10377,4,1,11,3,1,16,2,13,2,2
889,27,1,1103,2,14,3,1,1,1,3,1,2,1,2,2235,1,1,14,3,2,9,2,9,7,2
890,54,2,966,2,1,4,1,4,2,3,3,4,3,3,10502,7,2,17,3,1,33,1,5,4,2
891,44,1,1117,2,2,1,1,1,2,4,1,2,4,2,2011,1,2,13,3,1,10,3,10,5,2
892,19,3,504,2,10,3,2,1,2,2,1,2,2,1,1859,1,1,25,4,0,1,4,1,1,1
893,29,1,1010,2,1,3,1,1,2,3,1,2,4,3,3760,1,2,15,3,3,3,3,3,2,2
895,31,1,1332,2,11,2,2,3,1,3,2,5,1,2,6833,1,1,12,3,0,6,2,6,5,2
896,31,1,1062,2,24,3,2,3,2,2,2,5,1,1,6812,1,2,19,3,0,10,3,10,9,2
897,59,1,326,1,3,3,1,3,2,2,2,1,4,1,5171,5,2,17,3,0,13,3,6,1,2
900,36,2,469,2,3,3,5,3,1,3,1,2,2,2,3692,1,2,12,3,0,12,2,11,10,2
901,48,1,969,2,2,2,5,4,1,4,1,3,2,1,2559,5,2,11,3,0,7,2,1,0,2
902,27,1,1167,2,4,2,1,1,1,3,1,2,3,3,2517,1,2,11,3,3,5,3,5,3,2
903,29,1,1329,2,7,3,1,3,1,3,2,5,4,3,6623,1,1,11,3,2,6,3,6,0,2
905,29,1,694,2,1,3,1,4,2,2,4,8,4,3,16124,3,2,14,3,2,9,2,7,7,2
906,34,1,1320,2,20,3,5,3,2,4,1,2,3,2,2585,0,2,17,3,0,2,2,1,0,2
908,33,1,536,1,10,5,4,4,1,4,3,1,3,3,8380,0,1,14,3,2,10,3,9,8,2
909,19,1,265,2,25,3,1,2,2,4,1,2,4,1,2994,1,1,12,3,0,1,3,1,0,2
910,23,1,373,2,1,2,1,4,1,3,1,2,3,2,1223,1,2,22,4,1,1,3,1,0,2
911,25,2,599,1,24,1,1,3,1,1,1,7,4,1,1118,1,1,14,3,0,1,3,1,0,1
912,26,1,583,2,4,2,1,3,1,3,1,2,4,1,2875,1,1,20,4,0,8,2,8,5,2
914,55,3,177,2,8,1,2,4,1,2,4,5,2,3,13577,1,1,15,3,1,34,3,33,9,2
915,21,2,251,2,10,2,1,1,2,2,1,3,3,1,2625,1,2,20,4,0,2,1,2,2,1
917,34,1,131,1,2,3,4,3,2,3,2,1,1,1,4538,0,1,12,3,0,4,3,3,2,2
919,59,1,1429,2,18,4,2,4,1,3,3,4,4,1,10512,6,2,12,3,0,25,2,9,7,2
920,34,2,135,2,19,3,2,3,2,3,2,3,2,3,4444,4,2,13,3,2,15,4,11,8,2
921,28,2,791,2,1,4,2,4,1,3,1,3,3,1,2154,0,1,11,3,0,5,2,4,2,2
923,34,2,648,3,11,3,1,3,1,2,2,9,2,2,4490,4,2,11,3,2,14,4,10,9,2
924,35,1,735,2,6,1,1,3,1,3,1,2,3,2,3506,0,1,14,3,0,4,3,3,2,2
925,42,1,603,2,7,4,2,2,2,4,2,2,2,2,2372,6,1,16,3,0,18,3,1,0,2
926,43,1,531,1,4,4,4,4,2,2,3,1,4,1,10231,3,2,14,3,0,23,4,21,7,2
927,36,1,429,2,2,4,1,3,2,3,2,4,2,1,5410,9,1,11,3,0,18,3,16,14,2
928,44,1,621,2,15,3,2,1,2,3,3,5,4,2,7978,1,2,11,3,1,10,3,10,7,1
929,28,2,193,2,2,3,1,4,1,2,1,3,4,2,3867,1,1,12,3,1,2,3,2,2,2
930,51,2,968,2,6,2,2,2,2,2,1,3,3,1,2838,0,2,14,3,0,8,2,7,0,2
931,30,3,879,2,9,2,2,3,2,3,2,4,3,1,4695,7,1,18,3,0,10,3,8,4,2
932,29,1,806,2,7,3,5,2,2,3,1,3,3,3,3339,3,1,13,3,2,10,3,7,7,1
933,28,1,640,2,1,3,5,4,1,3,1,2,1,1,2080,2,2,11,3,0,5,2,3,2,2
934,25,1,266,2,1,3,2,4,2,3,1,2,2,1,2096,1,2,18,3,0,2,2,2,2,2
935,32,1,604,1,8,3,2,3,1,4,2,1,4,2,6209,1,2,15,3,2,10,4,10,7,2
938,58,1,848,2,23,4,1,1,1,3,1,2,3,3,2372,1,2,12,3,2,2,3,2,2,2
939,32,1,1089,2,7,2,1,4,1,3,2,3,3,2,4883,1,2,18,3,1,10,3,10,4,1
940,39,1,360,2,23,3,2,3,1,3,1,2,1,1,3904,0,2,13,3,0,6,3,5,2,1
941,30,1,1138,2,6,3,5,1,2,2,2,3,4,2,4627,0,2,12,3,1,10,3,9,2,2
942,36,1,325,2,10,4,5,4,2,3,3,5,3,2,7094,3,2,12,3,0,10,3,7,7,2
943,46,1,991,3,1,2,1,4,2,3,1,9,1,1,3423,6,2,12,3,0,10,4,7,6,2
944,28,3,1476,2,1,3,1,3,2,1,2,3,4,2,6674,0,2,11,3,3,10,3,9,8,2
945,50,1,1322,2,28,3,1,4,2,3,4,8,1,2,16880,4,1,11,3,0,25,3,3,2,2
946,40,1,299,1,25,4,4,4,1,2,3,1,2,1,9094,2,1,12,3,0,9,3,5,4,1
947,52,1,1030,1,5,3,1,2,1,3,3,1,2,1,8446,9,1,19,3,0,10,2,8,7,1
948,30,1,634,2,17,4,2,2,2,3,3,6,1,2,11916,1,1,23,4,2,9,3,9,1,2
949,39,1,524,2,18,2,1,1,1,3,2,4,3,1,4534,0,2,11,3,0,9,3,8,7,2
950,31,3,587,1,2,4,1,4,2,3,3,1,3,3,9852,1,1,19,3,1,10,2,10,8,2
951,41,3,256,1,10,2,2,3,1,1,2,1,2,1,6151,1,2,13,3,0,19,3,19,2,2
952,31,2,1060,1,1,3,1,4,2,3,1,7,2,1,2302,1,1,11,3,0,3,4,3,2,1
953,44,1,935,2,3,3,1,1,1,3,1,3,1,2,2362,4,2,12,3,0,10,4,3,2,1
957,40,3,458,2,16,2,1,3,1,3,1,2,3,3,3544,9,2,16,3,1,6,3,4,2,2
958,34,1,943,2,9,3,1,4,1,3,3,5,4,3,8500,0,2,11,3,1,10,2,9,7,2
959,40,1,523,2,2,3,1,3,1,3,2,2,4,1,4661,1,2,13,3,0,9,3,9,8,2
960,41,2,1018,1,1,3,4,3,2,3,2,1,1,3,4103,0,2,17,3,1,10,3,9,3,2
961,35,2,482,2,4,4,1,3,1,3,2,2,3,1,4249,1,1,11,3,0,9,3,9,6,2
962,51,1,770,3,5,3,1,3,1,3,4,6,2,3,14026,1,1,11,3,1,33,3,33,9,2
963,38,1,1009,1,2,2,1,2,2,3,2,1,1,3,6893,3,2,15,3,1,11,3,7,7,2
964,34,1,507,1,15,2,2,3,2,3,2,1,1,1,6125,1,2,12,3,0,10,4,10,8,2
965,25,1,882,2,19,1,2,4,1,3,1,3,4,2,3669,3,2,11,3,3,7,2,3,2,2
966,58,1,601,2,7,4,2,3,2,2,3,4,1,2,10008,7,1,14,3,0,31,2,10,9,1
967,40,1,329,2,1,4,1,2,1,3,1,3,2,2,2387,3,2,22,4,1,7,3,4,2,2
968,36,2,607,1,7,3,4,1,2,4,2,1,1,2,4639,2,2,16,3,1,17,2,15,7,2
969,48,1,855,2,4,3,1,4,1,3,3,4,4,1,7898,1,2,11,3,0,11,3,10,9,2
970,27,1,1291,1,11,3,2,3,2,4,1,7,4,2,2534,8,2,14,3,1,5,3,1,0,2
971,51,1,1405,2,11,2,5,4,2,2,4,4,2,1,13142,3,2,16,3,0,29,2,5,2,2
972,18,3,1124,2,1,3,1,4,2,3,1,3,4,1,1611,1,2,15,3,0,0,4,0,0,2
973,35,1,817,2,1,3,2,4,2,2,2,3,4,2,5363,0,2,12,3,1,10,3,9,7,2
974,27,2,793,1,2,1,1,4,1,1,2,1,4,1,5071,3,2,20,4,0,8,3,6,2,2
975,55,1,267,1,13,4,4,1,1,4,4,1,3,1,13695,6,1,17,3,0,24,2,19,7,1
976,56,1,1369,2,23,3,1,4,1,3,4,4,2,2,13402,4,1,12,3,1,33,3,19,16,2
977,34,3,999,2,26,1,5,1,2,2,1,2,3,3,2029,1,2,20,4,3,5,3,5,4,2
978,40,1,1202,2,2,1,2,2,2,4,2,5,3,3,6377,5,2,20,4,3,15,3,12,11,2
979,34,1,285,2,29,3,2,2,1,3,2,3,3,2,5429,4,2,13,3,2,10,3,8,7,2
980,31,2,703,1,2,3,1,3,2,2,1,7,4,1,2785,7,2,14,3,0,3,4,1,0,1
981,35,2,662,1,18,4,4,4,2,3,2,1,3,2,4614,0,1,18,3,1,5,2,4,2,1
982,38,2,693,2,7,3,1,4,1,4,1,2,3,3,2610,1,2,11,3,3,4,3,4,2,2
983,34,1,404,2,2,4,5,3,2,3,2,5,4,1,6687,1,2,11,3,0,14,4,14,11,2
984,28,1,736,1,26,3,1,3,1,2,2,1,1,2,4724,1,2,11,3,1,5,3,5,3,2
985,31,1,330,2,22,4,2,4,1,3,2,4,3,2,6179,1,1,15,3,2,10,2,10,2,1
986,39,1,1498,1,21,4,1,1,1,2,2,1,4,2,6120,3,1,12,3,2,8,4,5,4,2
987,51,2,541,1,2,3,4,2,1,3,3,1,2,2,10596,2,2,11,3,0,14,3,4,2,2
988,41,2,1200,2,22,3,1,4,2,3,2,2,4,3,5467,3,1,14,3,2,12,2,6,2,2
989,37,1,1439,2,4,1,1,3,1,3,1,2,3,2,2996,7,1,15,3,0,8,3,6,4,2
990,33,2,1111,1,5,1,1,2,1,3,2,1,4,2,9998,6,2,13,3,0,8,4,5,4,2
991,32,1,499,1,2,1,4,3,1,3,2,1,2,2,4078,0,1,13,3,3,4,2,3,2,2
992,39,3,1485,2,25,2,1,3,1,3,3,5,3,2,10920,3,2,21,4,1,13,3,6,4,2
993,25,1,1372,1,18,1,1,1,1,4,2,1,3,2,6232,2,2,11,3,0,6,2,3,2,2
994,52,2,322,2,28,2,2,4,2,4,4,4,3,2,13247,2,1,11,3,1,24,2,5,3,2
995,43,1,930,2,6,3,2,1,2,2,2,2,3,1,4081,1,1,14,3,0,20,1,20,7,2
996,27,1,205,1,10,3,4,4,2,2,2,1,4,2,5769,1,1,11,3,0,6,3,6,2,2
997,27,1,135,2,17,4,1,4,2,3,1,2,3,1,2394,1,1,13,3,0,8,3,8,2,1
998,26,1,683,2,2,1,2,1,1,2,1,2,4,1,3904,0,2,12,3,0,5,3,4,3,2
999,42,1,1147,3,10,3,6,3,2,3,4,6,1,2,16799,0,2,14,3,1,21,3,20,7,2
1000,52,1,258,2,8,4,3,3,2,3,1,3,1,2,2950,9,2,13,3,0,12,1,5,4,2
1001,37,1,1462,2,11,3,2,1,2,3,1,3,3,1,3629,4,2,18,3,0,8,3,3,2,2
1002,35,2,200,2,18,2,1,3,1,3,3,4,4,1,9362,2,2,11,3,0,10,3,2,2,2
1003,25,1,949,2,1,3,5,1,1,3,1,3,4,2,3229,4,2,11,3,1,7,2,3,2,2
1004,26,1,652,2,7,3,3,3,1,4,1,3,1,1,3578,0,2,12,3,0,8,3,7,7,2
1005,29,1,332,3,17,3,3,2,1,2,3,9,1,1,7988,1,2,13,3,0,10,2,10,9,2
1006,49,2,1475,2,28,2,1,1,1,2,2,3,1,1,4284,3,2,20,4,0,20,3,4,3,1
1007,29,2,337,2,14,1,3,3,2,3,3,5,4,1,7553,0,1,12,3,0,9,3,8,7,1
1010,55,1,1136,2,1,4,2,2,1,4,4,8,4,3,14732,2,2,13,3,2,31,4,7,7,2
1011,36,1,1174,1,3,4,4,1,2,3,2,1,2,1,9278,3,1,16,3,0,15,3,5,4,2
1012,31,2,667,1,1,4,1,2,2,1,1,7,3,1,1359,1,2,12,3,0,1,3,1,0,1
1013,30,1,855,1,7,4,4,4,2,3,2,1,1,3,4779,7,2,14,3,2,8,3,3,2,2
1014,31,1,182,2,8,5,1,1,2,3,4,8,2,1,16422,3,2,11,3,0,9,4,3,2,2
1015,34,2,560,2,1,4,3,4,1,3,1,2,1,3,2996,5,2,14,3,2,10,3,4,3,2
1016,31,1,202,2,8,3,1,1,2,2,1,2,2,1,1261,1,2,12,3,0,1,4,1,0,1
1017,27,1,1377,2,11,1,1,2,1,3,1,3,1,2,2099,0,2,14,3,0,6,4,5,0,2
1018,36,1,172,2,4,4,1,1,1,2,2,3,4,1,5810,1,2,16,3,0,10,2,10,4,2
1019,36,1,329,1,16,4,4,3,2,2,2,1,1,2,5647,4,2,13,3,2,11,2,3,2,2
1020,47,1,465,2,1,3,5,1,1,3,1,2,4,2,3420,7,2,12,3,1,17,2,6,5,2
1021,25,1,383,1,9,2,1,1,1,2,1,7,1,2,4400,3,2,12,3,0,6,3,3,2,1
1022,37,3,1413,2,5,2,5,3,1,4,1,3,3,1,3500,0,2,14,3,0,7,1,6,5,2
1023,56,1,1255,2,1,2,1,1,2,3,1,2,1,2,2066,2,2,22,4,1,5,4,3,2,2
1025,24,1,1476,1,4,1,2,4,2,3,2,1,3,2,4162,1,1,12,3,2,5,3,5,4,2
1026,32,1,601,1,7,5,4,4,1,3,2,1,4,2,9204,4,2,12,3,1,7,2,4,3,2
1027,34,1,401,2,1,3,1,4,2,2,1,3,2,2,3294,5,2,17,3,1,7,2,5,4,2
1028,41,1,1283,2,5,5,2,2,1,4,1,2,3,2,2127,2,1,12,3,0,7,2,4,2,2
1029,40,3,663,2,9,4,3,3,1,3,2,3,3,3,3975,3,2,11,3,2,11,4,8,7,2
1030,31,1,326,1,8,2,1,1,1,3,3,1,4,3,10793,1,2,18,3,1,13,3,13,7,2
1031,46,1,377,1,9,3,4,1,1,3,3,1,4,3,10096,4,2,11,3,1,28,4,7,7,1
1032,39,3,592,2,2,3,1,1,2,2,1,3,1,1,3646,2,1,23,4,0,11,4,1,0,1
1033,31,2,1445,2,1,5,1,3,2,4,3,4,2,1,7446,1,2,11,3,0,10,3,10,8,1
1034,45,1,1038,2,20,3,2,2,1,1,3,5,1,3,10851,2,1,18,3,1,24,3,7,7,2
1035,31,1,1398,3,8,2,2,4,2,4,1,9,2,1,2109,9,2,18,3,0,8,3,3,2,2
1036,31,2,523,2,2,3,1,2,1,3,1,3,4,2,3722,6,1,13,3,1,7,1,2,2,1
1037,45,1,1448,2,29,3,5,2,1,3,3,4,4,2,9380,4,1,18,3,2,10,4,3,1,2
1038,48,1,1221,1,7,3,4,3,1,3,2,1,1,3,5486,4,2,11,3,3,15,3,2,2,2
1039,34,1,1107,3,9,4,5,1,2,3,1,9,3,2,2742,1,2,15,3,0,2,3,2,2,1
1040,40,3,218,2,8,1,2,4,1,2,3,8,2,3,13757,2,2,11,3,1,16,3,9,8,2
1041,28,1,866,1,5,3,2,4,1,3,2,1,1,1,8463,0,2,18,3,0,6,3,5,4,2
1042,44,3,981,2,5,3,1,3,1,2,1,3,3,1,3162,3,2,14,3,0,7,3,5,2,2
1043,53,1,447,2,2,3,2,4,1,4,4,8,2,1,16598,4,2,12,3,0,35,2,9,8,2
1044,49,1,1495,2,5,4,5,1,1,3,2,5,3,2,6651,2,2,14,3,1,20,2,3,2,2
1045,40,1,896,2,2,3,2,3,1,3,1,2,3,3,2345,2,2,14,3,1,8,4,3,1,2
1046,44,1,1467,2,20,3,1,4,1,3,1,2,2,1,3420,1,2,13,3,0,6,2,5,2,2
1047,33,2,430,1,7,3,2,4,1,3,2,1,1,2,4373,0,2,14,3,2,5,3,4,3,2
1048,34,1,1326,1,3,3,3,4,1,1,2,1,1,1,4759,3,2,18,3,0,15,3,13,9,2
1049,30,1,1358,1,16,1,1,4,1,3,2,1,3,2,5301,8,2,15,3,2,4,2,2,1,2
1050,42,2,748,2,9,2,2,1,2,3,1,3,4,1,3673,1,2,13,3,0,12,3,12,9,2
1051,44,2,383,1,1,5,4,1,2,3,2,1,3,2,4768,7,2,12,3,1,11,2,1,0,2
1052,30,3,990,2,7,3,5,3,1,3,1,2,3,3,1274,1,2,13,3,2,1,2,1,0,2
1053,57,1,405,2,1,2,1,2,1,4,2,2,3,2,4900,0,2,24,4,1,13,2,12,9,2
1054,49,1,1490,2,7,4,1,3,1,3,3,5,2,3,10466,3,2,14,3,2,29,3,8,7,2
1056,28,2,1496,1,1,3,5,1,1,3,1,7,3,2,2909,3,2,15,3,1,5,4,3,2,1
1057,29,2,115,1,13,3,5,1,2,3,2,1,2,1,5765,5,2,11,3,0,7,1,5,3,1
1058,34,1,790,1,24,4,2,1,2,2,2,1,2,1,4599,0,1,23,4,0,16,4,15,9,1
1059,35,1,660,1,7,1,1,4,1,3,1,7,3,2,2404,1,2,13,3,1,1,3,1,0,2
1060,24,2,381,2,9,3,2,2,1,3,1,3,1,1,3172,2,1,11,3,0,4,2,0,0,1
1061,24,3,830,1,13,2,1,4,2,3,1,7,2,2,2033,1,2,13,3,1,1,3,1,0,2
1062,44,2,1193,2,2,1,2,2,1,3,3,4,3,1,10209,5,1,18,3,0,16,2,2,2,2
1063,29,1,1246,1,19,3,1,3,1,2,2,1,3,3,8620,1,2,14,3,2,10,3,10,7,2
1064,30,1,330,3,1,3,1,3,1,3,1,9,3,3,2064,0,2,21,4,1,6,4,5,3,2
1065,55,1,1229,2,4,4,1,4,1,3,2,5,3,2,4035,0,1,16,3,0,4,3,3,2,2
1066,33,1,1099,2,4,4,2,1,2,2,1,3,2,2,3838,8,2,11,3,0,8,3,5,4,2
1067,47,1,571,1,14,3,2,3,2,3,2,1,3,2,4591,3,1,17,3,1,11,2,5,4,2
1068,28,2,289,2,2,2,2,3,1,2,1,3,1,1,2561,7,2,11,3,0,8,2,0,0,1
1069,28,1,1423,2,1,3,1,1,1,2,1,2,3,3,1563,1,2,14,3,1,1,1,1,0,2
1070,28,2,467,1,7,3,1,3,1,3,2,1,1,1,4898,0,2,14,3,0,5,3,4,2,2
1071,49,1,271,2,3,2,2,3,2,2,2,3,1,2,4789,4,2,25,4,1,10,3,3,2,2
1072,29,2,410,2,2,1,1,4,2,3,1,3,2,2,3180,0,2,13,3,3,4,3,3,2,2
1073,28,1,1083,2,29,1,1,3,1,1,2,4,2,2,6549,1,2,14,3,2,8,2,8,6,2
1074,33,1,516,2,8,5,1,4,1,3,2,5,3,1,6388,2,1,17,3,0,14,3,0,0,2
1075,32,1,495,2,10,3,2,3,1,3,3,6,4,1,11244,2,2,25,4,0,10,4,5,2,2
1076,54,2,1050,2,11,4,2,2,2,3,4,6,4,3,16032,3,2,20,4,1,26,3,14,9,2
1077,29,1,224,2,1,4,5,1,1,2,1,2,1,1,2362,6,2,13,3,0,11,1,9,7,1
1078,44,1,136,2,28,3,1,4,1,3,4,8,1,2,16328,3,2,13,3,1,24,4,20,6,2
1079,39,1,1089,2,6,3,1,2,2,3,3,4,2,1,8376,4,2,18,3,0,9,3,2,0,2
1080,46,1,228,1,3,3,1,3,2,3,4,6,2,2,16606,8,2,12,3,1,23,4,13,12,2
1081,35,1,1029,2,16,3,1,4,2,2,3,5,2,1,8606,1,2,19,3,0,11,1,11,8,2
1082,23,1,507,2,20,1,1,1,1,3,2,3,3,1,2272,0,2,14,3,0,5,3,4,3,2
1083,40,1,676,2,9,4,1,4,1,3,1,3,1,1,2018,3,2,14,3,0,15,1,5,4,1
1084,34,1,971,1,1,3,5,4,1,2,3,1,3,2,7083,1,1,14,3,0,10,3,10,9,2
1085,31,2,561,2,3,3,1,4,2,3,1,2,3,1,4084,1,2,12,3,0,7,1,7,2,1
1086,50,2,333,2,22,5,2,3,1,1,4,8,4,1,14411,1,1,13,3,0,32,3,32,6,2
1087,34,1,1440,1,7,2,5,2,1,3,1,7,3,2,2308,0,1,25,4,1,12,3,11,10,2
1088,42,1,1210,2,2,3,2,3,1,2,1,3,2,2,4841,4,2,14,3,1,4,3,1,0,2
1089,37,1,674,2,13,3,2,1,1,3,2,2,4,2,4285,1,2,17,3,0,10,3,10,8,2
1090,29,1,441,2,8,1,3,3,2,1,2,5,1,2,9715,3,2,13,3,1,9,3,7,7,2
1091,33,1,575,2,25,3,1,4,1,2,2,4,2,1,4320,1,2,13,3,0,5,3,5,3,2
1092,45,1,950,2,28,3,5,4,1,3,1,2,4,2,2132,4,2,20,4,1,8,3,5,4,2
1093,42,2,288,2,2,3,1,4,1,3,3,5,4,2,10124,2,1,14,3,1,24,1,20,8,2
1094,40,1,1342,1,9,2,2,1,1,3,2,1,1,2,5473,0,2,12,3,0,9,4,8,4,2
1095,33,1,589,2,28,4,1,2,1,3,2,3,3,2,5207,1,1,12,3,1,15,3,15,14,2
1096,40,1,898,3,6,2,2,3,1,3,4,6,4,1,16437,1,1,21,4,0,21,3,21,7,2
1097,24,1,350,2,21,2,5,3,1,2,1,3,1,3,2296,0,2,14,3,3,2,3,1,1,2
1098,40,3,1142,2,8,2,1,4,1,3,2,5,4,3,4069,3,1,18,3,0,8,3,2,2,2
1099,45,1,538,2,1,4,5,1,1,3,3,5,2,3,7441,1,2,12,3,3,10,3,10,8,2
1100,35,1,1402,1,28,4,1,2,2,2,1,7,3,2,2430,0,2,23,4,2,6,3,5,3,2
1101,32,1,824,2,5,2,1,4,2,2,2,2,2,2,5878,3,2,12,3,1,12,3,7,1,2
1102,36,1,1157,1,2,4,1,3,1,3,1,7,4,1,2644,3,1,21,4,0,7,2,3,2,2
1103,48,1,492,1,16,4,1,3,2,3,2,1,3,3,6439,8,2,14,3,1,18,3,8,7,2
1104,29,1,598,2,9,3,1,3,1,4,1,2,3,2,2451,6,2,18,3,2,5,2,1,0,2
1105,33,1,1242,1,8,4,1,1,1,3,2,1,1,2,6392,2,2,13,3,1,8,1,2,2,2
1106,30,1,740,1,1,3,1,2,1,2,2,1,1,2,9714,1,2,11,3,1,10,3,10,8,1
1107,38,2,888,3,10,4,6,3,1,3,2,9,3,2,6077,3,2,11,3,0,10,3,6,3,2
1108,35,1,992,2,1,3,2,4,1,2,1,3,1,1,2450,1,2,19,3,0,3,3,3,0,2
1109,30,1,1288,1,29,4,5,3,1,3,3,1,2,2,9250,3,2,12,3,1,9,3,4,2,2
1110,35,1,104,2,2,3,1,1,2,3,1,3,1,3,2074,1,1,12,3,1,1,3,1,0,1
1111,53,1,607,2,2,5,5,3,2,2,3,4,4,2,10169,0,2,16,3,1,34,3,33,7,1
1112,38,1,903,2,2,3,2,3,1,3,2,4,2,2,4855,4,2,11,3,2,7,3,5,2,1
1113,32,3,1200,2,1,4,5,4,1,3,2,2,1,2,4087,4,2,14,3,1,9,2,6,5,2
1114,48,1,1108,2,15,4,3,3,2,3,1,2,1,2,2367,8,2,12,3,1,10,2,8,2,2
1115,34,1,479,2,7,4,2,1,1,3,1,2,4,1,2972,1,2,13,3,0,1,1,1,0,2
1117,34,1,1351,2,1,4,1,2,1,3,2,2,4,2,5484,9,2,17,3,1,9,2,2,2,2
1118,26,1,474,2,3,3,1,1,2,3,1,2,4,2,2061,1,2,21,4,0,1,3,1,0,2
1119,38,1,1245,1,14,3,1,3,1,3,2,1,2,2,9924,0,2,11,3,1,10,3,9,8,2
1120,38,1,437,1,16,3,1,2,2,3,2,1,2,1,4198,2,2,12,3,0,8,4,3,2,2
1121,36,1,884,1,1,4,1,2,2,3,2,1,3,1,6815,6,2,13,3,0,15,3,1,0,2
1122,29,1,1370,2,3,1,2,2,1,3,1,3,1,1,4723,1,1,18,3,0,10,3,10,9,2
1123,35,1,670,2,10,4,2,1,2,3,2,5,3,1,6142,3,1,16,3,0,10,3,5,2,2
1124,39,1,1462,1,6,3,2,4,1,4,3,1,3,2,8237,2,2,11,3,1,11,3,7,6,2
1125,29,2,995,2,2,1,1,1,1,3,2,5,4,3,8853,1,2,19,3,1,6,4,6,4,2
1127,23,1,977,2,10,3,5,4,1,4,1,2,3,2,2073,2,2,16,3,1,4,3,2,2,2
1128,36,2,1302,2,6,4,1,1,1,4,2,3,1,2,5562,3,1,13,3,1,9,3,3,2,2
1130,35,1,750,2,28,3,1,2,1,4,2,3,3,2,3407,1,2,17,3,2,10,2,10,9,2
1131,34,2,653,2,10,4,5,4,1,2,2,5,3,2,5063,1,2,14,3,1,8,2,8,2,2
1132,40,1,118,1,14,2,1,4,2,3,2,1,1,2,4639,1,2,15,3,1,5,3,5,4,2
1133,43,1,990,2,27,3,5,4,1,4,1,3,2,3,4876,5,2,12,3,1,8,3,6,4,2
1134,35,1,1349,2,7,2,1,3,1,2,1,3,4,2,2690,1,2,18,3,1,1,2,1,0,2
1136,28,1,329,2,24,3,2,3,1,3,1,3,2,2,2408,1,1,17,3,3,1,3,1,1,1
1137,22,3,457,2,26,2,3,2,2,2,1,2,3,2,2814,1,1,14,3,0,4,2,4,2,2
1138,50,2,1234,2,20,5,2,2,1,3,4,5,3,2,11245,2,1,15,3,1,32,3,30,8,2
1139,32,1,634,2,5,4,3,2,2,4,1,2,4,2,3312,3,2,17,3,2,6,3,3,2,2
1141,30,1,241,2,7,3,2,2,1,2,1,2,2,2,2141,1,2,12,3,1,6,2,6,4,2
1142,45,1,1015,2,5,5,2,3,2,1,2,3,1,1,5769,1,1,14,3,0,10,3,10,7,2
1143,45,3,336,1,26,3,4,1,1,2,2,1,1,2,4385,1,2,15,3,1,10,3,10,7,2
1144,31,2,715,1,2,4,3,4,1,3,2,1,1,1,5332,7,2,13,3,0,10,3,5,2,2
1145,36,1,559,2,12,4,1,3,2,3,2,4,3,2,4663,9,1,12,3,2,7,3,3,2,2
1146,34,2,426,2,10,4,1,3,1,4,2,4,4,3,4724,1,2,13,3,1,9,3,9,7,2
1147,49,1,722,2,25,4,1,3,2,3,1,3,1,2,3211,1,2,14,3,1,10,2,9,6,2
1148,39,1,1387,2,10,5,2,2,1,3,2,4,1,2,5377,2,2,13,3,3,10,3,7,7,2
1149,27,1,1302,2,19,3,3,4,1,2,1,3,1,3,4066,1,2,11,3,2,7,3,7,7,2
1150,35,1,819,2,18,5,1,2,1,4,2,2,1,2,5208,1,2,11,3,0,16,3,16,15,2
1151,28,1,580,2,27,3,2,2,2,1,2,4,1,3,4877,0,2,21,4,1,6,2,5,3,2
1152,21,1,546,2,5,1,2,3,1,3,1,2,4,1,3117,1,2,18,3,0,3,3,2,2,2
1153,18,2,544,1,3,2,2,2,2,3,1,7,4,1,1569,1,1,12,3,0,0,4,0,0,1
1155,39,1,170,2,3,2,2,3,1,2,2,3,3,3,3069,0,2,15,3,1,11,3,10,8,2
1156,40,1,884,2,15,3,1,1,2,2,3,4,3,2,10435,1,2,13,3,2,18,3,18,15,2
1157,35,3,208,2,8,4,1,3,2,3,2,5,3,2,4148,1,2,12,3,1,15,3,14,11,2
1158,37,1,671,2,19,3,1,3,1,3,2,4,3,2,5768,3,2,17,3,3,9,2,4,3,2
1159,39,2,711,2,4,3,2,1,2,3,2,4,3,1,5042,0,2,13,3,0,10,1,9,2,2
1160,45,1,1329,2,2,2,3,4,2,2,2,4,4,3,5770,1,2,19,3,2,10,3,10,7,2
1161,38,1,397,2,2,2,2,4,2,2,3,4,3,2,7756,3,1,19,3,1,10,4,5,4,2
1162,35,1,737,1,10,3,2,4,1,2,3,1,1,2,10306,9,2,17,3,0,15,3,13,12,1
1163,37,1,1470,2,10,3,2,2,2,3,1,2,2,2,3936,1,2,11,3,1,8,1,8,4,2
1164,40,1,448,2,16,3,1,3,2,3,3,4,4,1,7945,6,1,15,3,0,18,2,4,2,2
1165,44,2,602,3,1,5,6,1,1,3,2,9,4,2,5743,4,1,11,3,0,14,3,10,7,2
1166,48,2,365,2,4,5,2,3,1,2,4,6,4,2,15202,2,2,25,4,1,23,3,2,2,2
1167,35,1,763,1,15,2,2,1,1,1,2,1,4,3,5440,6,1,14,3,2,7,2,2,2,1
1168,24,2,567,2,2,1,5,1,2,3,1,2,4,1,3760,1,1,13,3,0,6,3,6,3,2
1169,27,1,486,2,8,3,2,2,2,4,1,2,3,2,3517,7,2,17,3,0,5,3,3,2,2
1170,27,2,591,2,2,3,2,4,1,3,1,2,4,1,2580,2,2,13,3,0,6,2,4,2,2
1171,40,1,1329,2,7,3,1,1,1,3,1,3,1,1,2166,3,1,14,3,0,10,1,4,2,1
1172,29,1,469,1,10,3,2,3,1,2,2,1,3,1,5869,9,2,11,3,0,8,3,5,2,2
1173,36,1,711,2,5,4,1,2,2,3,3,5,1,2,8008,4,2,12,3,2,9,3,3,2,2
1174,25,2,772,2,2,1,1,4,1,4,2,4,3,3,5206,1,2,17,3,2,7,3,7,7,2
1175,39,1,492,2,12,3,2,4,1,3,2,4,2,2,5295,4,2,21,4,0,7,3,5,4,2
1176,49,1,301,2,22,4,3,1,2,3,4,8,2,2,16413,3,2,16,3,2,27,3,4,2,2
1177,50,1,813,2,17,5,1,4,2,2,3,8,1,3,13269,5,2,15,3,3,19,3,14,11,2
1178,20,1,1141,1,2,3,2,3,2,3,1,7,3,1,2783,1,2,19,3,0,2,3,2,2,2
1179,34,1,1130,2,3,3,1,4,2,3,2,2,2,3,5433,1,2,12,3,1,11,3,11,8,2
1180,36,1,311,2,7,3,1,1,1,3,1,3,2,1,2013,2,2,11,3,0,15,3,4,3,2
1181,49,1,465,2,6,1,1,3,2,2,4,5,3,2,13966,2,1,19,3,1,30,3,15,11,2
1182,36,3,894,2,1,4,2,4,2,2,2,4,3,2,4374,0,2,15,3,0,4,3,3,2,2
1183,36,1,1040,2,3,2,1,4,1,4,2,5,1,3,6842,6,2,20,4,1,13,3,5,4,2
1186,35,2,880,1,12,4,3,4,1,3,2,1,4,1,4581,3,1,24,4,0,13,4,11,9,1
1187,38,2,1189,2,1,3,1,4,1,3,2,2,4,2,4735,7,2,15,3,2,19,4,13,11,2
1188,29,1,991,1,5,3,2,1,1,2,2,1,2,3,4187,1,1,13,3,1,10,2,10,0,2
1189,33,1,392,1,2,4,2,4,1,3,2,1,4,3,5505,1,2,14,3,2,6,3,6,2,2
1190,32,1,977,2,2,3,2,4,1,3,2,2,2,3,5470,0,2,13,3,2,10,2,9,5,2
1191,31,1,1112,1,5,4,1,1,2,3,2,1,4,2,5476,1,2,11,3,2,10,3,10,0,2
1192,49,1,464,2,16,3,2,4,2,3,1,3,1,3,2587,4,1,16,3,1,17,2,2,2,2
1193,38,2,148,2,2,3,2,4,2,2,1,3,2,1,2440,1,2,22,4,0,4,3,4,3,2
1194,47,1,1225,1,2,4,1,2,2,4,4,6,2,3,15972,6,2,14,3,3,29,3,3,2,2
1195,49,1,809,2,1,3,1,3,1,3,4,6,3,1,15379,4,2,14,3,0,23,3,8,7,2
1196,41,1,1206,1,23,2,1,4,1,3,3,1,3,1,7082,3,1,16,3,0,21,3,2,0,2
1197,20,1,727,1,9,1,1,4,1,3,1,7,1,1,2728,1,2,11,3,0,2,3,2,2,2
1198,33,3,530,1,16,3,1,3,2,3,2,1,4,3,5368,1,1,25,4,1,7,3,6,5,2
1199,36,1,1351,2,26,4,1,1,1,3,2,5,3,2,5347,6,2,14,3,2,10,2,3,2,2
1200,44,1,528,3,1,3,1,3,2,3,1,9,4,3,3195,4,1,18,3,3,8,3,2,2,2
1201,23,1,1320,2,8,1,2,4,1,2,1,3,3,1,3989,1,1,11,3,0,5,3,5,4,1
1202,38,1,1495,2,4,2,2,4,2,3,1,3,3,2,3306,7,2,19,3,1,7,2,0,0,2
1203,53,1,1395,2,24,4,2,2,1,4,3,5,4,2,7005,3,2,15,3,0,11,3,4,3,2
1204,48,2,708,1,7,2,2,4,2,3,1,7,3,2,2655,2,1,11,3,2,19,3,9,7,1
1205,32,1,1259,2,2,4,1,4,1,3,1,3,2,1,1393,1,2,12,3,0,1,3,1,0,1
1206,26,3,786,2,7,3,2,4,1,3,1,3,4,1,2570,1,2,20,4,0,7,3,7,7,2
1207,55,1,1441,2,22,3,5,1,1,2,1,2,2,3,3537,5,2,12,3,1,8,3,4,2,2
1208,34,1,1157,2,5,2,2,2,1,2,2,3,4,2,3986,1,2,14,3,1,15,4,15,10,2
1209,60,1,370,2,1,4,2,3,1,1,3,5,4,3,10883,3,2,20,4,1,19,4,1,0,2
1210,33,1,267,2,21,3,2,2,1,4,1,3,2,2,2028,1,2,18,3,3,14,3,14,11,2
1211,37,2,1278,1,1,4,2,3,1,1,2,1,4,3,9525,1,2,14,3,2,6,2,6,3,2
1212,34,1,678,2,19,3,1,2,2,2,1,2,4,2,2929,1,2,12,3,0,10,3,10,9,2
1213,23,1,427,1,7,3,1,3,1,3,1,7,4,3,2275,1,1,21,4,1,3,3,3,2,1
1214,44,1,921,2,2,3,1,3,2,4,3,5,4,2,7879,1,1,19,3,1,9,3,8,7,2
1215,35,2,146,2,2,4,2,1,1,2,1,2,4,1,4930,0,1,14,3,0,6,4,5,4,2
1216,43,1,1179,1,2,3,2,4,1,3,2,1,4,2,7847,1,1,17,3,1,10,3,10,9,2
1217,24,1,581,2,9,3,2,3,1,4,1,2,3,2,4401,1,2,16,3,1,5,3,5,3,2
1218,41,1,918,1,6,3,4,4,1,3,3,1,3,1,9241,1,2,12,3,0,10,3,10,8,2
1219,29,1,1082,2,9,4,2,4,2,3,1,3,3,2,2974,9,2,17,3,1,9,3,5,3,2
1220,36,1,530,1,2,4,1,3,2,3,2,7,4,1,4502,3,2,15,3,0,17,2,13,7,2
1221,45,3,1238,2,1,1,1,3,1,2,3,5,3,2,10748,3,2,23,4,1,25,2,23,15,2
1222,24,1,240,3,22,1,6,4,1,1,1,9,3,2,1555,1,2,11,3,1,1,3,1,0,1
1223,47,2,1093,1,9,3,1,3,1,1,4,1,3,2,12936,7,2,11,3,0,25,1,23,5,1
1224,26,1,390,2,17,4,2,4,1,1,1,3,3,2,2305,1,2,15,3,3,3,4,3,2,2
1225,45,1,1005,2,28,2,5,4,2,2,4,8,2,1,16704,1,2,11,3,0,21,3,21,6,2
1226,32,2,585,2,10,3,1,1,1,3,1,2,3,2,3433,6,2,13,3,1,10,2,5,2,2
1227,31,1,741,2,2,4,1,2,1,3,1,3,3,2,3477,1,2,14,3,1,6,4,5,2,2
1228,41,3,552,3,4,3,6,3,1,1,2,9,2,2,6430,6,2,19,3,1,10,3,3,2,2
1229,40,1,369,2,8,2,1,2,2,3,2,4,1,2,6516,2,1,16,3,1,18,3,1,0,2
1230,24,1,506,2,29,1,2,2,1,3,1,3,1,3,3907,1,2,13,3,3,6,4,6,2,2
1231,46,1,717,2,13,4,1,3,1,3,2,5,2,1,5562,6,2,14,3,0,19,3,10,7,2
1232,35,1,1370,2,27,4,1,4,1,3,2,4,3,2,6883,2,2,16,3,1,17,3,7,7,2
1233,30,1,793,2,16,1,1,2,1,3,1,2,4,2,2862,1,2,12,3,1,10,2,10,0,2
1234,47,3,543,1,2,4,4,3,1,3,2,1,2,2,4978,7,2,11,3,1,4,1,1,0,2
1235,46,1,1277,1,2,3,1,3,1,3,3,1,4,3,10368,4,1,12,3,1,13,2,10,6,2
1236,36,1,1456,1,13,5,4,2,1,2,2,1,1,3,6134,5,1,13,3,3,16,3,2,2,1
1237,32,1,964,1,1,2,1,1,1,1,2,1,2,1,6735,6,2,15,3,0,10,3,0,0,1
1238,23,1,160,2,4,1,2,3,2,3,1,3,2,1,3295,1,2,13,3,0,3,1,3,2,2
1239,31,2,163,2,24,1,5,4,2,3,2,4,4,1,5238,2,2,20,4,0,9,2,5,4,2
1240,39,3,792,2,1,3,1,4,1,3,2,3,4,2,6472,1,1,15,3,1,9,3,9,8,2
1241,32,1,371,1,19,3,1,4,1,1,3,1,3,2,9610,3,2,13,3,1,10,1,4,3,2
1243,45,1,176,3,4,3,1,3,2,1,3,9,3,2,9756,4,2,21,4,2,9,4,5,0,2
1244,30,2,1312,2,2,4,5,4,2,2,1,2,1,1,4968,0,2,16,3,0,10,3,9,7,2
1245,24,2,897,3,10,3,2,1,1,3,1,9,4,2,2145,0,2,14,3,1,3,3,2,2,2
1246,30,2,600,3,8,3,6,3,2,2,1,9,4,3,2180,6,2,11,3,1,6,2,4,2,1
1247,31,1,1003,1,5,3,5,1,1,3,2,1,3,2,8346,1,2,19,3,1,6,3,5,2,2
1248,27,1,1054,2,8,3,2,3,2,3,1,2,4,1,3445,1,2,11,3,0,6,2,6,2,2
1249,29,1,428,1,9,3,4,2,2,1,1,7,2,1,2760,1,2,13,3,0,2,3,2,2,1
1250,29,2,461,2,1,3,1,4,1,4,2,5,3,1,6294,8,1,12,3,0,10,4,3,2,2
1251,30,1,979,1,15,2,4,3,1,2,3,1,1,3,7140,2,2,11,3,1,12,3,7,7,2
1252,34,1,181,2,2,4,2,4,1,4,1,2,4,2,2932,0,1,14,3,3,6,3,5,0,2
1253,33,3,1283,1,2,3,4,4,2,3,2,1,2,1,5147,8,2,15,3,0,13,2,11,7,2
1254,49,1,1313,1,11,4,4,4,2,3,2,1,4,1,4507,3,2,12,3,0,8,4,5,1,2
1255,33,1,211,1,16,3,1,1,2,3,3,1,1,1,8564,2,1,20,4,0,11,2,0,0,1
1256,38,2,594,2,2,2,2,3,2,2,1,3,2,2,2468,4,2,14,3,1,9,2,6,1,2
1257,31,1,1079,1,16,4,4,1,1,3,3,1,3,2,8161,2,2,13,3,3,10,3,1,0,1
1258,29,1,590,2,4,3,5,4,2,2,1,2,1,3,2109,1,2,13,3,1,1,3,1,0,2
1259,30,1,305,2,16,3,1,3,1,4,2,5,3,2,5294,3,2,16,3,1,10,3,7,0,2
1260,32,3,953,2,5,4,5,2,1,3,1,2,2,1,2718,2,2,14,3,0,12,3,7,7,2
1261,38,1,833,2,18,3,2,2,1,1,2,5,4,2,5811,3,1,16,3,1,15,3,1,0,2
1262,43,2,807,2,17,3,5,3,1,2,1,2,3,2,2437,9,1,16,3,1,6,3,1,0,1
1263,42,1,855,2,12,3,2,2,1,3,1,3,2,3,2766,8,2,22,4,3,7,2,5,3,2
1265,33,3,775,2,4,3,5,4,1,3,2,2,2,3,3055,5,2,15,3,2,11,2,9,8,2
1266,41,1,548,2,9,4,1,3,1,3,1,3,1,3,2289,1,2,20,4,2,5,3,5,3,2
1267,34,3,1375,1,10,3,1,4,1,3,2,1,3,3,4001,1,1,14,3,1,15,3,15,14,2
1268,53,3,661,2,1,4,2,1,2,2,4,4,3,2,12965,4,1,20,4,3,27,2,3,2,2
1269,43,1,244,3,2,3,1,2,1,3,1,9,4,1,3539,0,2,13,3,0,10,3,9,7,2
1270,34,1,511,1,3,2,1,4,2,1,2,1,4,1,6029,5,2,12,3,0,6,3,2,2,2
1271,21,1,337,1,7,1,4,2,1,3,1,7,2,1,2679,1,2,13,3,0,1,3,1,0,1
1272,38,1,1153,2,6,2,3,4,2,2,1,3,3,2,3702,1,2,11,3,1,5,3,5,4,2
1273,22,1,1294,2,8,1,2,3,2,3,1,3,1,2,2398,1,1,17,3,0,1,3,1,0,1
1274,31,1,196,1,29,4,4,1,2,2,2,1,4,2,5468,1,2,14,3,2,13,3,12,7,2
1275,51,1,942,2,3,3,5,1,2,3,3,6,3,2,13116,2,2,11,3,0,15,3,2,2,2
1276,37,1,589,1,9,2,4,2,1,2,2,1,2,2,4189,1,2,14,3,2,5,3,5,2,2
1278,36,1,1383,2,10,3,1,4,1,3,3,5,1,2,8321,7,1,13,3,1,15,3,12,8,2
1279,44,2,429,2,1,2,2,3,1,3,1,2,2,3,2342,1,1,12,3,3,6,2,5,3,1
1280,37,1,1239,3,8,2,3,3,1,3,2,9,2,3,4071,2,2,13,3,0,19,2,10,0,2
1281,35,1,303,1,27,3,1,3,1,3,2,1,4,1,5813,1,1,18,3,0,10,3,10,7,1
1282,33,1,867,2,8,4,1,4,1,4,1,2,1,2,3143,6,2,19,3,1,14,3,10,8,2
1283,28,1,1181,2,1,3,1,3,1,3,1,2,4,2,2044,1,2,11,3,1,5,4,5,3,2
1284,39,1,1253,2,10,1,2,3,1,3,3,8,3,1,13464,7,2,21,4,0,9,3,4,3,2
1285,46,3,849,1,26,2,1,2,1,2,2,1,2,1,7991,8,2,15,3,0,6,3,2,2,2
1286,40,1,616,2,2,2,1,3,2,3,1,3,1,2,3377,4,2,17,3,1,7,2,4,3,2
1287,42,1,1128,2,13,3,2,2,1,4,2,5,1,2,5538,5,2,18,3,2,10,2,0,0,2
1288,35,3,1180,2,2,2,2,2,1,3,2,4,4,3,5762,2,2,14,3,1,15,3,7,7,2
1289,38,3,1336,3,2,3,6,1,1,3,1,9,2,3,2592,5,2,13,3,3,13,3,11,10,2
1290,34,2,234,2,9,4,1,4,1,3,2,3,1,2,5346,4,2,17,3,1,11,2,7,1,1
1291,37,1,370,2,10,4,2,4,1,3,2,4,1,1,4213,1,2,15,3,0,10,1,10,3,1
1292,39,2,766,1,20,3,1,3,1,3,2,1,4,3,4127,2,2,18,3,1,7,3,2,1,2
1293,43,3,343,2,9,3,1,1,1,3,1,2,3,1,2438,4,2,13,3,0,7,2,3,2,2
1294,41,1,447,2,5,3,1,2,1,4,2,5,2,1,6870,3,2,12,3,0,11,1,3,2,2
1295,41,1,796,1,4,1,4,3,2,3,3,1,3,3,10447,0,1,13,3,1,23,4,22,14,2
1296,30,1,1092,2,10,3,2,1,2,3,3,4,3,1,9667,9,2,14,3,0,9,3,7,7,2
1297,26,1,920,3,20,2,2,4,2,3,1,9,2,2,2148,0,1,11,3,0,6,3,5,1,1
1298,46,1,261,2,21,2,2,4,2,3,2,5,2,2,8926,4,2,22,4,1,13,4,9,7,1
1299,40,1,1194,2,1,3,1,3,2,3,2,5,4,3,6513,4,2,17,3,1,12,3,5,3,2
1300,34,1,810,1,8,2,5,2,1,4,2,1,3,2,6799,1,2,21,4,2,10,3,10,8,2
1301,58,3,350,1,2,3,2,2,1,3,4,6,2,3,16291,4,2,22,4,1,37,2,16,9,2
1302,35,1,185,2,23,4,2,2,1,1,1,3,3,2,2705,0,2,16,3,1,6,4,5,4,2
1303,47,1,1001,2,4,3,1,3,2,2,3,4,2,3,10333,8,1,12,3,1,28,3,22,11,2
1304,40,1,750,2,12,3,1,2,2,3,2,5,1,3,4448,2,2,12,3,1,15,3,7,4,2
1305,54,1,431,2,7,4,2,4,2,3,2,2,4,2,6854,4,2,15,3,1,14,2,7,1,2
1306,31,2,1125,1,7,4,4,1,2,3,3,1,1,2,9637,2,2,14,3,2,9,3,3,2,2
1307,28,1,1217,2,1,3,2,3,2,3,1,2,1,2,3591,1,2,25,4,1,3,3,3,2,2
1308,38,1,723,1,2,4,4,2,2,1,2,7,4,2,5405,2,1,20,4,2,20,2,4,2,2
1309,26,1,572,1,10,3,2,3,1,3,2,1,4,1,4684,1,2,13,3,0,5,3,5,3,2
1310,58,2,1216,2,15,4,1,1,1,3,4,8,3,2,15787,2,1,14,3,0,23,3,2,2,2
1311,18,3,1431,2,14,3,2,2,2,3,1,2,3,1,1514,1,2,16,3,0,0,1,0,0,2
1312,31,1,359,3,18,5,6,4,1,4,1,9,1,2,2956,0,2,17,3,0,2,3,1,0,1
1313,29,1,350,3,13,3,6,1,1,2,1,9,1,3,2335,4,1,15,3,3,4,3,2,2,1
1314,45,3,589,1,2,4,1,3,2,3,2,1,3,2,5154,4,2,22,4,2,10,4,8,7,2
1315,36,1,430,2,2,4,3,4,2,3,2,2,2,2,6962,4,1,22,4,1,15,3,1,0,2
1316,43,2,1422,1,2,4,1,1,1,3,2,1,4,2,5675,1,2,20,4,1,7,3,7,7,2
1317,27,2,1297,2,5,2,1,4,2,3,1,3,4,1,2379,0,1,14,3,0,6,2,5,4,2
1318,29,2,574,2,20,1,2,4,1,3,1,3,4,2,3812,1,2,13,3,0,11,4,11,8,2
1319,32,2,1318,1,10,4,4,4,1,3,2,1,4,1,4648,8,2,13,3,0,4,4,0,0,2
1320,42,3,355,2,10,4,5,3,1,3,1,2,3,2,2936,3,2,22,4,2,10,2,6,3,2
1321,47,1,207,2,9,4,1,2,2,3,1,3,3,1,2105,4,2,12,3,0,7,3,2,2,2
1322,46,1,706,2,2,2,1,4,1,3,3,4,4,3,8578,3,2,14,3,1,12,2,9,8,2
1323,28,3,280,3,1,2,1,3,1,3,1,9,4,3,2706,1,2,15,3,1,3,3,3,2,2
1324,29,1,726,2,29,1,1,4,1,1,2,5,3,3,6384,8,2,17,3,2,11,3,7,0,2
1325,42,1,1142,2,8,3,1,4,1,3,1,3,3,1,3968,4,2,13,3,0,8,3,0,0,2
1326,32,1,414,1,2,4,4,3,1,2,2,1,2,1,9907,7,1,12,3,0,7,2,2,2,1
1327,46,1,1319,1,3,3,5,1,2,4,4,1,1,3,13225,2,2,12,3,1,25,3,19,17,2
1328,27,1,728,1,23,1,2,2,2,2,2,7,3,2,3540,1,2,21,4,1,9,3,9,8,2
1329,29,1,352,3,6,1,2,4,1,2,1,9,2,2,2804,1,2,11,3,0,1,3,1,0,2
1332,29,2,459,2,24,2,1,4,1,2,1,2,4,1,2439,1,1,24,4,0,1,2,1,0,1
1333,46,1,1254,1,10,3,1,3,2,3,3,1,2,2,7314,5,2,21,4,3,14,3,8,7,1
1334,27,2,1131,2,15,3,1,4,2,2,1,2,1,2,4774,0,2,19,3,1,8,2,7,6,2
1335,39,1,835,2,19,4,3,4,1,3,2,2,4,3,3902,8,2,14,3,3,7,3,2,2,2
1336,55,1,836,2,2,4,5,2,1,2,1,2,4,2,2662,8,2,20,4,1,19,4,5,2,2
1337,28,1,1172,1,3,3,2,2,2,3,1,7,2,2,2856,1,2,19,3,1,1,3,1,0,2
1338,30,1,945,1,9,3,2,2,1,3,1,7,4,1,1081,1,2,13,3,0,1,2,1,0,1
1339,22,1,391,2,7,1,1,4,1,3,1,2,2,1,2472,1,1,23,4,0,1,3,1,0,1
1340,36,1,1266,1,10,4,5,2,2,2,2,1,3,2,5673,1,1,13,3,1,10,3,10,9,2
1341,31,1,311,2,20,3,1,2,1,3,2,3,3,3,4197,1,2,11,3,1,10,3,10,8,2
1342,34,1,1480,1,4,3,1,3,1,3,3,1,4,2,9713,2,1,13,3,3,9,3,5,3,2
1343,29,1,592,2,7,3,1,4,1,3,1,3,1,1,2062,3,2,14,3,0,11,3,3,2,2
1344,37,1,783,2,7,4,2,4,1,3,2,2,1,2,4284,5,1,22,4,1,16,3,5,3,2
1345,35,1,219,2,16,2,3,4,2,2,2,4,2,2,4788,0,1,11,3,0,4,3,3,2,2
1346,45,1,556,2,25,2,1,2,2,2,2,4,4,2,5906,0,2,13,3,2,10,2,9,8,2
1347,36,2,1213,3,2,1,6,2,1,2,2,9,4,1,3886,1,2,21,4,0,10,2,10,1,2
1348,40,1,1137,2,1,4,1,1,1,3,4,6,1,3,16823,2,2,11,3,1,22,3,19,7,2
1349,26,1,482,2,1,2,1,2,2,2,1,2,3,2,2933,1,1,13,3,1,1,2,1,0,2
1350,27,1,511,1,2,2,2,1,2,4,2,1,3,1,6500,0,2,14,3,0,9,2,8,7,2
1352,44,1,170,2,1,4,1,2,1,4,2,5,1,2,5033,2,2,15,3,1,10,3,2,0,2
1353,34,3,967,2,16,4,5,4,1,1,1,2,1,2,2307,1,1,23,4,1,5,3,5,2,1
1354,56,1,1162,2,24,2,1,1,1,3,1,3,4,1,2587,1,2,16,3,0,5,3,4,2,1
1355,36,1,335,1,17,2,4,3,1,2,2,1,2,2,5507,2,2,16,3,2,12,1,4,2,2
1356,41,1,337,1,8,3,4,3,2,3,2,1,2,2,4393,5,2,21,4,1,14,3,5,4,2
1357,42,1,1396,2,6,3,2,3,1,3,3,8,1,2,13348,9,2,13,3,1,18,4,13,7,2
1358,31,1,1079,1,10,2,2,3,2,3,2,1,4,3,6583,2,1,11,3,1,8,3,5,2,2
1359,34,1,735,1,3,1,2,4,2,2,2,1,4,2,8103,3,1,12,3,0,9,2,4,2,2
1360,31,1,471,2,4,3,2,1,2,4,1,3,3,3,3978,8,2,12,3,1,4,2,2,2,2
1361,26,2,1096,2,6,3,3,3,1,4,1,3,4,2,2544,0,2,18,3,1,8,3,7,7,2
1362,45,2,1297,2,1,4,2,2,1,3,2,5,3,1,5399,4,2,12,3,0,12,3,4,2,2
1363,33,1,217,1,10,4,4,2,1,3,2,1,3,1,5487,1,2,14,3,0,10,2,10,4,2
1364,28,2,783,1,1,2,1,3,1,2,2,1,4,2,6834,1,1,12,3,1,7,3,7,7,2
1365,29,2,746,1,24,3,5,3,1,4,1,7,1,1,1091,1,2,17,3,0,1,3,1,0,1
1366,39,3,1251,1,21,4,1,1,2,1,2,1,3,2,5736,6,2,19,3,1,10,3,3,2,2
1367,27,1,1354,2,2,4,5,2,1,3,1,2,2,2,2226,1,2,11,3,1,6,2,5,3,2
1368,34,2,735,2,22,4,3,3,1,2,2,2,4,2,5747,1,1,15,3,0,16,3,15,10,2
1369,28,1,1475,1,13,2,4,4,2,3,2,1,3,1,9854,3,1,11,3,0,6,3,2,0,1
1370,47,3,1169,2,14,4,5,3,1,3,2,2,2,2,5467,8,2,18,3,1,16,4,8,7,2
1371,56,1,1443,1,11,5,4,4,2,2,2,1,1,2,5380,4,2,16,3,1,6,3,0,0,2
1372,39,1,867,2,9,2,2,1,1,3,2,4,1,2,5151,1,2,25,4,1,10,3,10,0,2
1373,38,2,1394,2,8,3,2,4,2,2,2,2,2,3,2133,1,1,16,3,1,20,3,20,11,2
1375,32,2,238,2,5,2,1,1,2,4,1,2,3,1,2432,3,1,14,3,0,8,3,4,1,1
1376,38,1,1206,2,9,2,1,2,1,3,1,2,4,3,4771,2,2,19,3,2,10,4,5,2,2
1378,42,1,419,1,12,4,4,2,1,3,2,1,4,3,5087,3,1,12,3,2,14,3,0,0,2
1379,27,2,1337,3,22,3,6,1,2,2,1,9,2,2,2863,1,2,12,3,0,1,3,1,0,1
1380,35,1,682,1,18,4,2,2,1,3,2,1,1,2,5561,0,2,16,3,1,6,1,5,3,2
1381,28,3,1103,2,16,3,2,3,1,3,1,2,3,1,2144,1,2,14,3,0,5,2,5,3,2
1382,31,3,976,2,3,2,2,3,1,3,1,2,1,3,3065,1,1,13,3,1,4,4,4,2,2
1383,36,3,1351,2,9,4,1,1,1,4,1,3,2,2,2810,1,2,22,4,0,5,3,5,4,2
1384,34,1,937,1,1,3,4,1,1,3,3,1,4,1,9888,1,2,21,4,0,14,2,14,8,2
1385,34,1,1239,1,13,4,2,4,1,3,3,1,3,3,8628,1,2,18,3,1,9,2,8,7,2
1386,26,1,157,2,1,3,2,3,1,3,1,3,1,1,2867,0,2,13,3,0,8,2,7,7,2
1387,29,1,136,2,1,3,1,1,1,3,2,5,1,2,5373,0,2,12,3,1,6,2,5,3,2
1388,32,3,1146,2,15,4,2,3,2,3,2,5,4,3,6667,5,2,18,3,1,9,3,5,1,2
1389,31,2,1125,2,1,3,1,4,1,1,2,2,1,2,5003,1,2,21,4,0,10,3,10,8,2
1390,28,1,1404,2,17,3,5,3,1,2,1,3,4,3,2367,5,2,12,3,1,6,2,4,1,1
1391,38,1,1404,1,1,3,1,1,1,2,1,7,1,1,2858,4,2,14,3,0,20,2,1,0,2
1392,35,1,1224,1,7,4,1,3,2,3,2,1,4,2,5204,1,1,11,3,0,10,3,10,8,2
1393,27,1,954,1,9,3,4,4,1,3,2,1,4,1,4105,1,2,14,3,0,7,3,7,7,2
1394,32,1,1373,2,5,4,1,4,1,2,2,4,4,1,9679,8,2,24,4,0,8,3,1,0,2
1395,31,2,754,1,26,4,4,1,1,3,2,1,4,2,5617,1,1,11,3,0,10,3,10,7,1
1396,53,1,1168,1,24,4,1,1,1,3,3,1,1,1,10448,6,1,13,3,0,15,2,2,2,1
1397,54,1,155,2,9,2,1,1,2,3,2,2,3,2,2897,3,2,11,3,2,9,2,4,3,2
1398,33,2,1303,2,7,2,1,4,1,3,2,5,3,3,5968,1,2,20,4,3,9,3,9,7,2
1399,43,1,574,2,11,3,1,1,1,3,3,5,3,2,7510,1,2,17,3,1,10,3,10,9,2
1400,38,2,1444,3,1,4,3,4,1,3,1,9,2,2,2991,0,1,11,3,1,7,3,6,2,2
1402,31,1,1276,2,2,1,2,4,2,1,1,3,4,3,1129,1,1,11,3,3,1,3,1,0,2
1403,39,1,119,1,15,4,4,2,1,3,4,1,1,1,13341,0,2,12,3,0,21,3,20,8,2
1404,42,3,335,2,23,2,1,4,1,2,2,2,3,1,4332,1,2,12,3,0,20,3,20,9,2
1405,31,3,697,2,10,3,2,3,2,3,3,8,3,2,11031,4,2,20,4,1,13,4,11,7,2
1406,54,1,157,2,10,3,2,3,2,3,2,4,1,1,4440,6,1,19,3,0,9,3,5,2,2
1407,24,1,771,2,1,2,1,2,1,2,2,5,3,1,4617,1,2,12,3,0,4,2,4,3,2
1408,23,1,571,2,12,2,3,4,1,3,1,3,4,1,2647,1,2,13,3,0,5,4,5,2,2
1409,40,2,692,2,11,3,5,4,2,3,2,3,3,2,6323,1,2,11,3,1,10,4,10,9,2
1410,40,1,444,1,2,2,4,2,2,3,2,1,2,2,5677,3,2,14,3,1,15,3,11,8,2
1411,25,1,309,3,2,3,6,3,2,3,1,9,2,2,2187,4,2,14,3,0,6,3,2,0,2
1412,30,1,911,2,1,2,2,4,1,3,1,3,2,2,3748,1,2,13,3,0,12,2,12,8,2
1413,25,1,977,2,2,1,3,4,1,3,1,3,3,3,3977,6,1,19,3,1,7,2,2,2,2
1414,47,1,1180,2,25,3,2,1,1,3,3,5,3,1,8633,2,2,23,4,0,25,3,17,14,2
1415,33,3,1313,2,1,2,2,2,1,2,1,3,3,3,2008,1,2,12,3,3,1,2,1,1,2
1416,38,1,1321,1,1,4,1,4,1,3,2,1,2,2,4440,0,2,15,3,2,16,3,15,13,2
1417,31,1,1154,1,2,2,1,1,1,3,1,7,3,2,3067,0,2,19,3,1,3,3,2,2,2
1418,38,2,508,2,6,4,1,1,1,2,2,4,3,2,5321,2,2,11,3,1,10,3,8,3,2
1419,42,1,557,2,18,4,1,4,1,3,2,2,1,3,5410,6,1,17,3,1,9,2,4,3,2
1420,41,1,642,2,1,3,1,4,1,3,1,2,4,2,2782,3,2,22,4,1,12,3,5,3,2
1421,47,3,1162,2,1,1,2,3,2,3,3,8,2,2,11957,0,2,18,3,2,14,1,13,8,2
1422,35,1,1490,2,11,4,2,4,1,3,1,3,3,2,2660,7,1,11,3,1,5,3,2,2,2
1423,22,1,581,2,1,2,1,4,1,3,1,2,3,1,3375,0,2,12,3,0,4,4,3,2,2
1424,35,1,1395,2,9,4,2,2,1,3,2,2,3,1,5098,1,2,19,3,0,10,3,10,7,2
1425,33,1,501,2,15,2,2,2,2,3,2,5,4,2,4878,0,1,13,3,1,10,3,9,7,2
1426,32,1,267,2,29,4,1,3,2,2,1,3,2,1,2837,1,2,13,3,0,6,3,6,2,2
1427,40,1,543,2,1,4,1,1,1,3,1,3,4,2,2406,8,2,19,3,2,8,2,1,0,2
1428,32,1,234,1,1,4,2,2,1,2,1,7,2,2,2269,0,2,14,3,1,3,3,2,2,2
1429,39,1,116,2,24,1,1,1,1,3,2,2,4,1,4108,7,2,13,3,0,18,3,7,7,2
1430,38,1,201,2,10,3,2,2,2,1,3,8,3,2,13206,3,2,12,3,1,20,3,18,16,2
1431,32,1,801,1,1,4,4,3,2,3,3,1,4,2,10422,1,2,19,3,2,14,3,14,10,2
1432,37,1,161,2,10,3,1,3,2,4,3,8,4,2,13744,1,1,25,4,1,16,3,16,11,2
1433,25,1,1382,1,8,2,3,1,2,3,2,1,3,3,4907,0,1,22,4,1,6,2,5,3,2
1434,52,3,585,1,29,4,1,1,1,3,1,7,4,3,3482,2,2,15,3,2,16,2,9,8,2
1435,44,1,1037,2,1,3,2,2,1,3,1,2,4,1,2436,6,1,12,3,0,6,3,4,3,2
1436,21,1,501,1,5,1,2,3,1,3,1,7,1,1,2380,1,1,11,3,0,2,3,2,2,2
1438,23,2,638,1,9,3,4,4,1,3,1,7,1,2,1790,1,2,19,3,1,1,2,1,0,1
1439,36,1,557,1,3,3,2,1,2,2,3,1,4,2,7644,0,2,19,3,2,10,3,9,7,2
1440,36,2,688,2,4,2,1,4,2,3,2,4,2,3,5131,7,2,13,3,3,18,3,4,2,2
1441,56,3,667,2,1,4,1,3,1,3,2,5,3,3,6306,1,2,21,4,1,13,2,13,12,2
1442,29,1,1092,2,1,4,2,1,1,3,1,2,4,2,4787,9,1,14,3,3,4,4,2,2,1
1444,56,1,310,2,7,2,5,4,1,3,1,3,3,2,2339,8,2,11,3,1,14,1,10,9,1
1445,41,1,582,2,28,4,1,1,2,2,4,4,2,2,13570,0,2,23,4,1,21,3,20,7,2
1446,34,1,704,1,28,3,4,4,2,2,2,1,3,2,6712,1,2,21,4,2,8,3,8,7,2
1447,36,3,301,1,15,4,4,4,1,1,2,1,4,3,5406,1,2,24,4,1,15,2,15,12,2
1448,41,1,930,1,3,3,1,3,1,2,2,1,2,3,8938,2,2,11,3,1,14,3,5,4,2
1449,32,1,529,2,2,3,5,4,1,3,1,2,1,1,2439,1,2,14,3,0,4,3,4,2,2
1450,35,1,1146,3,26,4,1,3,2,3,3,9,4,1,8837,1,1,16,3,0,9,3,9,0,2
1451,38,1,345,1,10,2,1,1,2,3,2,1,4,2,5343,1,2,11,3,1,10,3,10,7,2
1452,50,2,878,1,1,4,1,2,1,3,2,1,3,3,6728,7,2,12,3,2,12,3,6,3,1
1453,36,1,1120,1,11,4,4,2,2,2,2,1,4,2,6652,4,2,13,3,1,8,2,6,3,2
1454,45,1,374,1,20,3,1,4,2,3,2,1,3,1,4850,8,2,15,3,0,8,3,5,3,2
1455,40,1,1322,2,2,4,1,3,1,2,1,2,3,1,2809,2,2,14,3,0,8,3,2,2,2
1456,35,2,1199,2,18,4,1,3,1,3,2,5,3,2,5689,1,1,14,3,2,10,4,10,2,2
1457,40,1,1194,2,2,4,2,3,2,3,1,2,3,2,2001,2,2,14,3,3,20,3,5,3,2
1458,35,1,287,2,1,4,1,3,2,1,1,2,4,2,2977,1,2,12,3,1,4,3,4,3,2
1459,29,1,1378,2,13,2,3,4,1,2,2,3,2,2,4025,4,1,13,3,1,10,3,4,3,2
1460,29,1,468,2,28,4,2,4,2,2,1,2,1,1,3785,1,2,14,3,0,5,1,5,4,2
1461,50,1,410,1,28,3,4,4,1,2,3,1,1,3,10854,4,1,13,3,1,20,3,3,2,1
1462,39,1,722,1,24,1,4,2,2,2,4,1,4,2,12031,0,2,11,3,1,21,2,20,9,2
1463,31,3,325,2,5,3,2,2,1,3,2,4,1,1,9936,0,2,19,3,0,10,3,9,4,2
1464,26,1,1167,1,5,3,3,4,2,2,1,7,3,1,2966,0,2,18,3,0,5,3,4,2,2
1465,36,2,884,2,23,2,2,3,1,4,2,3,4,2,2571,4,2,17,3,1,17,3,5,2,2
1466,39,1,613,2,6,1,2,4,1,2,3,5,1,2,9991,4,2,15,3,1,9,3,7,7,2
1467,27,1,155,2,4,3,1,2,1,4,2,4,2,2,6142,1,1,20,4,1,6,3,6,2,2
1468,49,2,1023,1,2,3,2,4,1,2,2,1,2,2,5390,2,2,14,3,0,17,2,9,6,2
1469,34,1,628,2,8,3,2,2,1,4,2,3,3,2,4404,2,2,12,3,0,6,4,4,3,2
